collection,pathway,target_nes,target_fdr_q,prediction_nes,prediction_fdr_q,reference_nes,reference_fdr_q,target_fdr_class
hallmark,Myc Targets V1,-1.87439308912336,0.0002513845192842,-1.243298939919047,0.2129404192203285,-1.429619489759145,0.1791838025941158,q ≤ 0.05
hallmark,TNF-alpha Signaling via NF-kB,-1.7125197649849984,0.0054047671646111,-1.5710751786037016,0.0417795620549377,-1.4089724164486075,0.1507118000632711,q ≤ 0.05
hallmark,Apical Junction,-1.6243280355005698,0.0153344556763386,-1.494516833671085,0.0721614601221687,-1.0386018955873115,0.4610475889185158,q ≤ 0.05
hallmark,UV Response Up,-1.601270528787808,0.0153973018061596,-1.424632093251606,0.0780739983157916,-1.0862010219450453,0.3819943722006693,q ≤ 0.05
hallmark,KRAS Signaling Up,-1.5701461388473446,0.0189041158501748,-1.639771967381136,0.0309873989665778,-0.9773303915490874,0.5388573236317621,q ≤ 0.05
hallmark,Inflammatory Response,-1.5578285385779305,0.0186024544270337,-1.419356106607381,0.0711641645232443,-1.0729750671756415,0.3946029737424866,q ≤ 0.05
hallmark,Myc Targets V2,-1.5334478534951774,0.0218704531777288,-0.7691962538043714,0.948702879691042,-1.4618424604503983,0.2503638089212274,q ≤ 0.05
hallmark,Hedgehog Signaling,-1.518794965377214,0.0224989144759394,-1.3059300367656312,0.1655273242881336,1.4278413826140988,0.0353610814656705,q ≤ 0.05
hallmark,TGF-beta Signaling,-1.516334273274198,0.0210325047801147,-1.4256970122950685,0.0925347845001946,-1.153161834676125,0.3054982600442897,q ≤ 0.05
hallmark,G2-M Checkpoint,-1.5048837252374756,0.0216693455623014,-1.0120267544064094,0.4677173888155334,-1.2776097633652106,0.2361006914629186,q ≤ 0.05
hallmark,Androgen Response,-1.4769915888321148,0.0269895561158806,-1.429994385060405,0.1113409300799108,-1.0158984052721636,0.4789568518493047,q ≤ 0.05
hallmark,Interferon Alpha Response,1.4685015868208957,0.1480539388681597,1.437094435860522,0.100774086183276,2.2643175148820758,0.0,0.05 < q ≤ 0.25
hallmark,IL-2/STAT5 Signaling,-1.4028080859993453,0.0551370045630099,-1.3382033093180672,0.1377603590264156,-1.0974647410492635,0.3752504481704102,0.05 < q ≤ 0.25
hallmark,Hypoxia,-1.402713839319788,0.0509343710611298,-1.2768789108318097,0.19291258653193,1.1541414116658304,0.2016838610221747,0.05 < q ≤ 0.25
hallmark,E2F Targets,-1.389662762284406,0.0540297156090198,0.939748662081499,0.7264671356569926,-0.9216697548975386,0.6428837568983092,0.05 < q ≤ 0.25
hallmark,Oxidative Phosphorylation,1.3886233170538749,0.1792684056701508,1.6626401177674848,0.014792526412224,0.9830403059816024,0.4804788640898334,0.05 < q ≤ 0.25
hallmark,Epithelial Mesenchymal Transition,-1.3485825422023576,0.0743260228683735,-1.2248233088488685,0.210943283901054,-1.267151145241033,0.2268981335020563,0.05 < q ≤ 0.25
hallmark,Pperoxisome,1.344277960374264,0.1838980742936877,1.4749790312796671,0.1028080585649568,1.5220669323293556,0.0265741728922091,0.05 < q ≤ 0.25
hallmark,KRAS Signaling Dn,1.332258421234408,0.1536023819350274,1.1205464459876178,0.4711974382033804,1.4784379885116077,0.0308431163287086,0.05 < q ≤ 0.25
hallmark,UV Response Dn,-1.2854313936171742,0.1236968950203012,-1.1659220160012318,0.2692698117095733,1.4317489744592224,0.0381270010672358,0.05 < q ≤ 0.25
hallmark,Fatty Acid Metabolism,1.2518398885419972,0.2559586277763272,1.2524124155796024,0.3449986972490944,1.401951633131578,0.0411099252934898,q > 0.25
hallmark,Unfolded Protein Response,-1.2430700266726538,0.1676143250639327,-1.241030329330285,0.2006865605220067,-1.359741884836609,0.1491553305915849,0.05 < q ≤ 0.25
hallmark,Notch Signaling,-1.2324724595000895,0.1732039337868411,-1.0352079750887986,0.4505762932792386,-1.3640366085966285,0.1794685226194242,0.05 < q ≤ 0.25
hallmark,Wnt-beta Catenin Signaling,-1.221521051047107,0.1793959314197371,-1.261987532476036,0.1988050492946654,-1.097915072141981,0.3960957999143978,0.05 < q ≤ 0.25
hallmark,Coagulation,-1.2202938979831293,0.1719847188683126,-1.1514700622118652,0.2663679064705979,1.276402298362019,0.0956090867510291,0.05 < q ≤ 0.25
hallmark,Allograft Rejection,1.198521837959221,0.3288973864411633,1.3246312425476745,0.2286369863589372,1.3701045998398211,0.0508586397593868,q > 0.25
hallmark,Apoptosis,-1.1909768714010451,0.2046629107715545,-1.063430038955145,0.4019036504210637,1.228975523979223,0.1340448239060832,0.05 < q ≤ 0.25
hallmark,Apical Surface,-1.181155083027284,0.2098489407570482,-1.171715255353442,0.2749330260034651,1.0848870156019808,0.3136437679042858,0.05 < q ≤ 0.25
hallmark,Adipogenesis,1.173094344942124,0.3451591827108769,1.195447181964829,0.342978592860925,1.4650117936621436,0.0305839304772068,q > 0.25
hallmark,mTORC1 Signaling,-1.1696028268113017,0.2188575484412007,-1.1356362219293434,0.2813976385464925,-1.0197669813529828,0.4902447441833712,0.05 < q ≤ 0.25
hallmark,p53 Pathway,-1.1658236693065829,0.2161487891645654,-1.0985638707915255,0.3403830938043011,-1.2086664189220626,0.2715711368669293,0.05 < q ≤ 0.25
hallmark,PI3K/AKT/mTOR  Signaling,-1.1619822024919977,0.2133952907300054,-1.1564425890682792,0.2714781091071914,-1.171590965251561,0.3081254714914949,0.05 < q ≤ 0.25
hallmark,Complement,-1.1539688534046777,0.2173702600980106,-1.1792578755891845,0.2780602600600921,1.2916271758927649,0.0901568015762252,0.05 < q ≤ 0.25
hallmark,Interferon Gamma Response,1.138306944472912,0.38912484102184,1.0141542513831394,0.6008970770752262,2.131128715716092,0.0,q > 0.25
hallmark,Myogenesis,1.1270559225818553,0.3751304346198515,1.2377900474449688,0.3250657679086225,-1.0131194584540295,0.4658019614046188,q > 0.25
hallmark,Glycolysis,-1.1172066828899343,0.2702290476928063,-1.0218409465761835,0.4637602623498015,1.0015262809417702,0.4521199185019889,q > 0.25
hallmark,Bile Acid Metabolism,1.0840694862512137,0.4529247770094418,1.1967599814176737,0.3874057006458523,1.203562719527621,0.1455709711846318,q > 0.25
hallmark,Protein Secretion,1.0671268085593664,0.4596649150036332,1.0899887081603303,0.479247037992699,-1.232688646630364,0.2449351471053464,q > 0.25
hallmark,Estrogen Response Early,1.0661938114818508,0.4242351501062661,1.008483478819523,0.5812422780490675,1.0555552661562668,0.359615795090715,q > 0.25
hallmark,Estrogen Response Late,1.045881015531119,0.4432586457231231,0.9900707886906338,0.6023168695612622,1.3319348776490456,0.0673603699750978,q > 0.25
hallmark,Mitotic Spindle,-1.0366206514601015,0.427317770709024,1.111580753074657,0.4559460072785953,-0.957218670422245,0.5706592363662911,q > 0.25
hallmark,Pancreas Beta Cells,0.99415417888557,0.5527169773634353,1.0642167971726553,0.4830816482620582,-1.2785393465174155,0.2734894020879468,q > 0.25
hallmark,Xenobiotic Metabolism,0.9882090610831448,0.5321541575771869,0.9351428019802456,0.7029564261893186,1.5571811451064717,0.0244041266453219,q > 0.25
hallmark,Spermatogenesis,0.9635643628660616,0.5665765790426778,1.1601121412704627,0.3967889758323364,1.0267724284254072,0.4094831529196524,q > 0.25
hallmark,IL-6/JAK/STAT3 Signaling,-0.957510306373233,0.6206250359542906,0.8483835354731208,0.8758936651085686,1.2058469906897946,0.1519477054429029,q > 0.25
hallmark,DNA Repair,-0.9475560313187325,0.6282853290471003,-0.9351818887814708,0.6471516897173852,-1.206344364124899,0.253764631445745,q > 0.25
hallmark,heme Metabolism,-0.9368194267289598,0.6382490761066018,1.089134505404289,0.4448141139321935,-1.1561500531262852,0.3205405161115379,q > 0.25
hallmark,Angiogenesis,0.8948934589837234,0.7245276979962435,0.8384964542483944,0.857159666831962,-1.2452405752071207,0.2438890646419909,q > 0.25
hallmark,Cholesterol Homeostasis,-0.8910458467887156,0.7432733216274481,0.919220936407744,0.7165407340791233,-1.1321563398125425,0.3334664663081303,q > 0.25
hallmark,Reactive Oxygen Species Pathway,-0.8696949643405768,0.7776389661240316,-0.8150832786021812,0.921516963494967,1.5177813023370548,0.0226680896478121,q > 0.25
reactome,Signaling By High-Kinase Activity BRAF Mutants R-HSA-6802948,-1.813266593991837,0.0528230505901592,-1.6371546276046818,0.550363250019623,1.0110785063681993,0.8537035682810417,0.05 < q ≤ 0.25
reactome,Major Pathway Of rRNA Processing In Nucleolus And Cytosol R-HSA-6791226,-1.8023490004143248,0.0384167640655703,-1.3996982491886665,0.4499094705078627,-1.8739710825396445,0.00613373364776,q ≤ 0.05
reactome,rRNA Processing In Nucleus And Cytosol R-HSA-8868773,-1.7967353265898849,0.0301307953455453,-1.382481221304998,0.4413162685638083,-1.8854253178641505,0.0137395633709824,q ≤ 0.05
reactome,Platelet Aggregation (Plug Formation) R-HSA-76009,-1.7797808925324068,0.0363688115694278,-1.6563355520331444,0.6116874390284927,1.2142789266237235,0.6462073355821866,q ≤ 0.05
reactome,GTP Hydrolysis And Joining Of 60S Ribosomal Subunit R-HSA-72706,-1.7671595619130696,0.0403940975101217,-1.160706950935612,0.6488071802378783,-1.7036532185534548,0.1081377242100091,q ≤ 0.05
reactome,Cap-dependent Translation Initiation R-HSA-72737,-1.7648478366075309,0.0358744782082899,-1.1681203196700984,0.6373194612641706,-1.6920854928337663,0.0767067205035588,q ≤ 0.05
reactome,rRNA Processing R-HSA-72312,-1.7623879484416654,0.0327268861945142,-1.406273722108974,0.456569742994584,-1.881704066403865,0.0076058297232224,q ≤ 0.05
reactome,L13a-mediated Translational Silencing Of Ceruloplasmin Expression R-HSA-156827,-1.751776330563738,0.0368278354047701,-1.1233779800992667,0.6731603398050139,-1.7159442160289384,0.1129015906764361,q ≤ 0.05
reactome,MAP2K And MAPK Activation R-HSA-5674135,-1.750698626425719,0.0335832823122224,-1.5903891281428983,0.3545024164339937,1.0096922542295408,0.8497142748643527,q ≤ 0.05
reactome,Integrin Signaling R-HSA-354192,-1.7413901573895172,0.0369196401718385,-1.643417356444753,0.6005348000134558,1.1582163458043273,0.7074001614092186,q ≤ 0.05
reactome,p130Cas Linkage To MAPK Signaling For Integrins R-HSA-372708,-1.7388053597192872,0.0354379240711812,-1.6599195905450963,0.7720586223522948,1.2354880344495165,0.6122423628690418,q ≤ 0.05
reactome,Cell-extracellular Matrix Interactions R-HSA-446353,-1.7328501555424338,0.0369808433498842,-1.6172014746661258,0.2950917347865577,-1.4297041954265526,0.3005629629992577,q ≤ 0.05
reactome,Cooperation Of Prefoldin And TriC/CCT In Actin And Tubulin Folding R-HSA-389958,-1.703259766751519,0.0658169560829257,-1.082045035709919,0.7207113081097916,-1.3128223158827517,0.4559336212116746,0.05 < q ≤ 0.25
reactome,Termination Of O-glycan Biosynthesis R-HSA-977068,-1.7018491556529332,0.0627702484285658,-1.6222597871348556,0.294551273733835,-0.9013046940670638,0.8071296954398405,0.05 < q ≤ 0.25
reactome,GRB2:SOS Provides Linkage To MAPK Signaling For Integrins R-HSA-354194,-1.6898339359259358,0.0743477375151332,-1.6259152853811765,0.3016477121290927,1.3345941204568668,0.4745042546310153,0.05 < q ≤ 0.25
reactome,FCGR3A-mediated Phagocytosis R-HSA-9664422,-1.681879355200496,0.0809823974121191,-1.6624286377219182,1.0,-1.1755563887582037,0.5913311795394115,0.05 < q ≤ 0.25
reactome,"mRNA Activation Upon Binding Of Cap-Binding Complex And eIFs, Subsequent Binding To 43S R-HSA-72662",-1.6796217245161216,0.0794422789781539,-0.9501304237506628,0.8560969460358361,-1.5928800964649932,0.18019156961791,0.05 < q ≤ 0.25
reactome,Formation Of Tubulin Folding Intermediates By CCT/TriC R-HSA-389960,-1.6782446999265797,0.0767079831505343,-0.9664194764973028,0.8499662002234519,-1.1366724793436394,0.5986323906306239,0.05 < q ≤ 0.25
reactome,Ribosomal Scanning And Start Codon Recognition R-HSA-72702,-1.671063815743408,0.0827655284647949,-0.8880779230099982,0.8774531334458643,-1.5479753596013226,0.2073601378854833,0.05 < q ≤ 0.25
reactome,Signaling By RAF1 Mutants R-HSA-9656223,-1.6680200224887982,0.083401099929115,-1.628970824325092,0.4159214780427819,0.9853441891573208,0.86843318896834,0.05 < q ≤ 0.25
reactome,Regulation Of Actin Dynamics For Phagocytic Cup Formation R-HSA-2029482,-1.6654888319568522,0.0828731384481719,-1.6365816639569035,0.4764689627995713,-1.2004489761861263,0.5583872088174392,0.05 < q ≤ 0.25
reactome,Translation Initiation Complex Formation R-HSA-72649,-1.662279167538471,0.0836001172563264,-0.8810230001713643,0.8757642390533307,-1.572435790228646,0.2128840872999342,0.05 < q ≤ 0.25
reactome,Syndecan Interactions R-HSA-3000170,-1.6587921364691045,0.0849025223738133,-1.631619684158402,0.4494881336831837,-1.5219067458700206,0.2219230268823632,0.05 < q ≤ 0.25
reactome,O-linked Glycosylation Of Mucins R-HSA-913709,-1.6576743936008702,0.0830597745130913,-1.6822590162315822,1.0,1.2107457240238604,0.6522936626312384,0.05 < q ≤ 0.25
reactome,Formation Of A Pool Of Free 40S Subunits R-HSA-72689,-1.6509378611149232,0.089239883114669,-1.009955293575612,0.8139024431853679,-1.713242826947013,0.1023457271511957,0.05 < q ≤ 0.25
reactome,Prefoldin Mediated Transfer Of Substrate To CCT/TriC R-HSA-389957,-1.646419445714103,0.0928586206075876,-1.1286658562237386,0.6761133031187909,-1.2864008496778545,0.4791823498971189,0.05 < q ≤ 0.25
reactome,Interleukin-37 Signaling R-HSA-9008059,-1.6409255550631965,0.0982703335696902,-1.494568783796524,0.504806650428812,0.7706653291289108,0.9700767627732484,0.05 < q ≤ 0.25
reactome,Nonsense Mediated Decay (NMD) Independent Of Exon Junction Complex (EJC) R-HSA-975956,-1.6399942608809466,0.0959712911123348,-1.0715809357795367,0.736500885161194,-1.601005891162482,0.1889496650192474,0.05 < q ≤ 0.25
reactome,Fcgamma Receptor (FCGR) Dependent Phagocytosis R-HSA-2029480,-1.6321619884799403,0.1056655822979988,-1.6260287515045129,0.3264128289658111,-1.1251018762325329,0.6005329470022097,0.05 < q ≤ 0.25
reactome,Digestion And Absorption R-HSA-8963743,1.627392563285145,1.0,1.52636430240694,1.0,1.6575612827100328,0.0971573793984507,q > 0.25
reactome,Cell Junction Organization R-HSA-446728,-1.6229663407327404,0.1187247495349943,-1.4373683142314115,0.4526812788647221,-1.3202559127052995,0.4537581793752852,0.05 < q ≤ 0.25
reactome,Paradoxical Activation Of RAF Signaling By Kinase Inactive BRAF R-HSA-6802955,-1.610523874192062,0.1399350677786917,-1.5336559934877612,0.4174686312106839,0.9489015435579738,0.8606481153136043,0.05 < q ≤ 0.25
reactome,Leishmania Infection R-HSA-9658195,-1.6100847889140906,0.1366213826844744,-1.473178133635844,0.4751256293380877,-1.131978359668698,0.5980531436720745,0.05 < q ≤ 0.25
reactome,Response Of EIF2AK4 (GCN2) To Amino Acid Deficiency R-HSA-9633012,-1.6099793379501768,0.1326696582558545,-1.1260760758434614,0.6754855435796956,-1.4754111993908403,0.2607698838540396,0.05 < q ≤ 0.25
reactome,Regulation Of RAS By GAPs R-HSA-5658442,-1.607994657977602,0.1323816433003456,-1.5623719276595365,0.4114976284186093,-1.289106498075615,0.4819558431288172,0.05 < q ≤ 0.25
reactome,Eukaryotic Translation Termination R-HSA-72764,-1.60423311489014,0.1359436920000981,-1.0779165136987725,0.725135364221826,-1.574188398331408,0.2147951740330255,0.05 < q ≤ 0.25
reactome,Signaling By FGFR1 R-HSA-5654736,-1.603319529185876,0.1337917165200245,-1.544878679595461,0.4097620569403796,-1.388172414039524,0.3809149886273338,0.05 < q ≤ 0.25
reactome,RHO GTPases Activate WASPs And WAVEs R-HSA-5663213,-1.6032100903237867,0.1304047589435627,-1.5408743183197098,0.3992410127563123,-1.3306738715527322,0.4426971145823729,0.05 < q ≤ 0.25
reactome,Regulation Of HSF1-mediated Heat Shock Response R-HSA-3371453,-1.6010118534839273,0.1312771001157067,-1.588090927274841,0.3460768077222018,-1.4877119149437334,0.2551706436078887,0.05 < q ≤ 0.25
reactome,Intraflagellar Transport R-HSA-5620924,1.5991135362325164,0.9279355275936516,1.6504360284225448,0.5263592349689249,1.0597215305615282,0.7953060933700045,q > 0.25
reactome,Interleukin-10 Signaling R-HSA-6783783,-1.5983537636266598,0.1326189573983019,-1.436630660558996,0.4490330579703877,1.193555380258612,0.6547713138251283,0.05 < q ≤ 0.25
reactome,FGFR1 Ligand Binding And Activation R-HSA-190242,-1.5982352985364694,0.1295294644284359,-1.5449991650890955,0.4248855352942546,-1.1020439074907753,0.6350467792783261,0.05 < q ≤ 0.25
reactome,Nuclear Events (Kinase And Transcription Factor Activation) R-HSA-198725,-1.5910261020470386,0.1400461913846572,-1.6283707861962216,0.3780074679584216,-1.5427653676660331,0.2107387315139735,0.05 < q ≤ 0.25
reactome,Digestion R-HSA-8935690,1.5893690721621885,0.7097003126328932,1.5042278870724894,0.9461650585447928,1.770037321537464,0.0291978758562546,q > 0.25
reactome,Negative Regulation Of FGFR1 Signaling R-HSA-5654726,-1.5885386118901943,0.1414869512688032,-1.403251212513258,0.4522088440707877,-1.180818861506287,0.588016646688065,0.05 < q ≤ 0.25
reactome,RAF/MAP Kinase Cascade R-HSA-5673001,-1.5876711127136975,0.139806014508117,-1.6278248825124957,0.3465331180408382,-1.2426248730711835,0.5386774641520782,0.05 < q ≤ 0.25
reactome,NGF-stimulated Transcription R-HSA-9031628,-1.5842346653726096,0.1431255578338612,-1.556672907801203,0.4202557914704974,-1.5441805865450244,0.2121156617825374,0.05 < q ≤ 0.25
reactome,Beta Defensins R-HSA-1461957,1.5787234539744306,0.6154210321162406,0.9738557143660628,1.0,1.436431488554612,0.3212198292618999,q > 0.25
reactome,Synthesis Of Bile Acids And Bile Salts Via 27-Hydroxycholesterol R-HSA-193807,1.577435591830236,0.5005007481144144,1.4559112929405504,1.0,1.7571128028425569,0.0326589200994845,q > 0.25
reactome,Phospholipase C-mediated Cascade; FGFR4 R-HSA-5654228,-1.5754360483651535,0.1575212871668991,-1.193592688749399,0.6173314871130254,-0.4738679605935952,0.999252813782631,0.05 < q ≤ 0.25
reactome,SUMOylation Of RNA Binding Proteins R-HSA-4570464,-1.5723252319184042,0.1604342036408394,-1.5990140797710044,0.3343859909490085,-1.5026753062523963,0.2449118062435272,0.05 < q ≤ 0.25
reactome,rRNA Modification In Nucleus And Cytosol R-HSA-6790901,-1.5672686239612297,0.1672078837716259,-1.147894188142354,0.6611011647747677,-1.6982994403389342,0.0952200811478265,0.05 < q ≤ 0.25
reactome,Processing Of Capped Intron-Containing Pre-mRNA R-HSA-72203,-1.5642550082637068,0.1702919579910247,-1.1501326862114645,0.6633396929603249,-1.6926709386735563,0.08149372889547,0.05 < q ≤ 0.25
reactome,Extracellular Matrix Organization R-HSA-1474244,-1.5629992384775353,0.1695894905883777,-1.532849998747697,0.4075613892876792,-1.255616885196256,0.5111714631034433,0.05 < q ≤ 0.25
reactome,MAPK1/MAPK3 Signaling R-HSA-5684996,-1.5612039765281012,0.1697794990733118,-1.5800037837880767,0.3647661721667171,-1.2309378306889545,0.5450435719399553,0.05 < q ≤ 0.25
reactome,MET Activates PTK2 Signaling R-HSA-8874081,-1.5588061560591746,0.1714409022666666,-1.4929699809660482,0.4863764530733953,-1.5657398588756593,0.2115055684892307,0.05 < q ≤ 0.25
reactome,Transport Of SLBP Independent Mature mRNA R-HSA-159227,-1.5568389602349073,0.1723919694034043,-1.476837672491997,0.4693929796610145,-1.539082983081557,0.2151820437262871,0.05 < q ≤ 0.25
reactome,Anti-inflammatory Response Favoring Leishmania Infection R-HSA-9662851,-1.5555534182649486,0.1717721821683223,-1.3519478562884926,0.4814885674693474,-0.934783653245561,0.7777927165103823,0.05 < q ≤ 0.25
reactome,"Formation Of Ternary Complex, And Subsequently, 43S Complex R-HSA-72695",-1.555232389455108,0.1693863340423794,-0.7434269043133956,0.9525264615766028,-1.5586554379664934,0.2065066705157436,0.05 < q ≤ 0.25
reactome,Transport Of SLBP Dependant Mature mRNA R-HSA-159230,-1.5547835946751478,0.1673543124433971,-1.4498615800085308,0.4759625986305892,-1.5643618080336523,0.2090166127717262,0.05 < q ≤ 0.25
reactome,Signaling By TGF-beta Receptor Complex R-HSA-170834,-1.5547305778351526,0.1644616827197815,-1.4494348056807451,0.4697507316580886,-1.2734096680524511,0.484876756300136,0.05 < q ≤ 0.25
reactome,Negative Regulation Of FGFR4 Signaling R-HSA-5654733,-1.552429444632529,0.1664577771153822,-1.3766003711169716,0.4520914102113011,-1.070710146609852,0.6640298263949693,0.05 < q ≤ 0.25
reactome,Nuclear Envelope (NE) Reassembly R-HSA-2995410,-1.5516791260321574,0.1651901373701845,-1.1367190229975077,0.6690998607818412,-1.356587809863374,0.4161801066255111,0.05 < q ≤ 0.25
reactome,Postmitotic Nuclear Pore Complex (NPC) Reformation R-HSA-9615933,-1.5474497439736077,0.1709028925828265,-1.397610168268789,0.4383578798357571,-1.6308551717372122,0.1649974351247445,0.05 < q ≤ 0.25
reactome,Elastic Fibre Formation R-HSA-1566948,-1.5459244621856925,0.1710581747007884,-1.5438049949703916,0.4002977331814752,-1.2691691149232611,0.4875416966657707,0.05 < q ≤ 0.25
reactome,Adherens Junctions Interactions R-HSA-418990,-1.543197224641491,0.1738571588811203,-1.3335499876519683,0.4855009483179426,-0.8413151449527809,0.8783618269785053,0.05 < q ≤ 0.25
reactome,Activated Point Mutants Of FGFR2 R-HSA-2033519,-1.5425050712711794,0.1724517239855199,-1.4448917656011426,0.450705253706162,-0.9051307645819756,0.8066018036705013,0.05 < q ≤ 0.25
reactome,Negative Regulation Of FGFR2 Signaling R-HSA-5654727,-1.5399687810976346,0.1750186704639909,-1.3609323721251758,0.4751877851157396,-1.127870942767155,0.6012842036911725,0.05 < q ≤ 0.25
reactome,mRNA Splicing - Major Pathway R-HSA-72163,-1.5394828931957516,0.1732947389138889,-0.986051641569452,0.828887601619179,-1.6320193063679345,0.1718167037096071,0.05 < q ≤ 0.25
reactome,Interactions Of Vpr With Host Cellular Proteins R-HSA-176033,-1.5383534915070158,0.1729666998386613,-1.5524333713432956,0.4057826622262589,-1.5702471456767035,0.2120968423724817,0.05 < q ≤ 0.25
reactome,Negative Regulation Of FGFR3 Signaling R-HSA-5654732,-1.5369409559557383,0.1731793142140345,-1.3463607731159823,0.484200558414909,-1.0741251491745565,0.6573389934714499,0.05 < q ≤ 0.25
reactome,RUNX1 Regulates Genes Involved In Megakaryocyte Differentiation And Platelet Function R-HSA-8936459,1.5352680086692465,0.7077294492813894,1.4461638541654536,0.8992661470315558,-0.9471206315970652,0.7614631416540748,q > 0.25
reactome,Phospholipase C-mediated Cascade: FGFR1 R-HSA-5654219,-1.5345445917922147,0.1752490816410847,-1.24767464983813,0.5331433615999048,-1.1137783033298878,0.6178355703380762,0.05 < q ≤ 0.25
reactome,Diseases Associated With Glycosaminoglycan Metabolism R-HSA-3560782,-1.5325412580531317,0.1769796514110683,-1.3852905322136555,0.4444300746859312,1.0963848878312157,0.7512858914320921,0.05 < q ≤ 0.25
reactome,Signaling By Receptor Tyrosine Kinases R-HSA-9006934,-1.5298512049230406,0.1800028451831909,-1.51459556081312,0.4500696039844941,-1.2264421492854516,0.5518280864760831,0.05 < q ≤ 0.25
reactome,Dectin-2 Family R-HSA-5621480,-1.5298390759813876,0.1774676943356779,-1.520112502116733,0.4383352956347204,1.2786515787339483,0.5553839693508595,0.05 < q ≤ 0.25
reactome,SHC-mediated cascade:FGFR1 R-HSA-5654688,-1.5282235007225966,0.1783180784402303,-1.4831452786826,0.4958542498642408,-0.917140089065054,0.8009239567884221,0.05 < q ≤ 0.25
reactome,Eukaryotic Translation Elongation R-HSA-156842,-1.5253726385769844,0.1817538223923283,-0.9211977495346674,0.8863508160075683,-1.5237046722809535,0.2216337855500426,0.05 < q ≤ 0.25
reactome,NS1 Mediated Effects On Host Pathways R-HSA-168276,-1.5251819484800897,0.1796780844702553,-1.3741984867010486,0.4557888211294205,-1.3941591524429355,0.373877683920388,0.05 < q ≤ 0.25
reactome,Viral mRNA Translation R-HSA-192823,-1.523137808421434,0.1813535417320332,-0.9837209638526352,0.8303120419362928,-1.5683715472075166,0.2108591757383296,0.05 < q ≤ 0.25
reactome,CRMPs In Sema3A Signaling R-HSA-399956,-1.5225921260594375,0.1801256609250885,-1.5701341211258553,0.3922971581070279,0.8952263295029249,0.9170639875060816,0.05 < q ≤ 0.25
reactome,Transport Of Mature mRNAs Derived From Intronless Transcripts R-HSA-159234,-1.5188775922892288,0.1851185517656538,-1.4353121329431304,0.4472859689844249,-1.5041393902329858,0.2454158813262408,0.05 < q ≤ 0.25
reactome,Influenza Viral RNA Transcription And Replication R-HSA-168273,-1.5186906487856062,0.1830922725122757,-1.20122638561603,0.6059601617140219,-1.6283160785607187,0.1627570082028785,0.05 < q ≤ 0.25
reactome,Collagen Degradation R-HSA-1442490,-1.5181523278286295,0.1817879247548488,-1.4291103117345771,0.4464103205839808,1.0593880088371983,0.791672479461183,0.05 < q ≤ 0.25
reactome,Phase 2 - Plateau Phase R-HSA-5576893,1.5178272455036124,0.7430208979767257,1.4249728287321743,0.9058730213233526,-0.700679534488477,0.977392576736527,q > 0.25
reactome,Integrin Cell Surface Interactions R-HSA-216083,-1.517414241877609,0.1809313736487273,-1.4991260585875557,0.4966069753273305,-1.4466748483530698,0.2844674045448792,0.05 < q ≤ 0.25
reactome,Transport Of Mature mRNA Derived From An Intronless Transcript R-HSA-159231,-1.517112198526931,0.1792346838908472,-1.4613062553074707,0.4618116863457462,-1.48282334263788,0.260290765497582,0.05 < q ≤ 0.25
reactome,Nuclear Import Of Rev Protein R-HSA-180746,-1.5161508109070956,0.1789399583304721,-1.3735626090087163,0.4537710600089129,-1.48064840239173,0.261931456703288,0.05 < q ≤ 0.25
reactome,Synthesis Of Bile Acids And Bile Salts Via 7Alpha-Hydroxycholesterol R-HSA-193368,1.5155654475158442,0.6673693894461449,1.5574962057250004,1.0,1.835787793438988,0.0151986110158266,q > 0.25
reactome,Keratan Sulfate Biosynthesis R-HSA-2022854,-1.512550850576894,0.1838368930347227,-1.6057164163898492,0.3248255373902513,0.9516308557418968,0.8664084069331803,0.05 < q ≤ 0.25
reactome,Signal Transduction By L1 R-HSA-445144,-1.5106754336074364,0.1853588446197045,-1.4677701756698958,0.4788830221683991,-0.9020521782421348,0.8078270498117958,0.05 < q ≤ 0.25
reactome,Cellular Hexose Transport R-HSA-189200,-1.5101274737549832,0.1840736021902303,-1.3000043540994053,0.5201431766131841,-0.7100322536038864,0.977207049555916,0.05 < q ≤ 0.25
reactome,Degradation Of Beta-Catenin By Destruction Complex R-HSA-195253,-1.5094642168998456,0.1831908047016004,-1.4461421570608062,0.4600716413543137,-1.051227581082078,0.6898048939141512,0.05 < q ≤ 0.25
reactome,Cellular Response To Heat Stress R-HSA-3371556,-1.5092797105826172,0.1814416934834223,-1.419054199466377,0.4432892861626163,-1.349437277364918,0.4253290107497273,0.05 < q ≤ 0.25
reactome,EPHA-mediated Growth Cone Collapse R-HSA-3928663,-1.5063342041174417,0.185132308168928,-1.52247742392826,0.4408428680156087,1.1529092981034912,0.6972882264486036,0.05 < q ≤ 0.25
reactome,Vpr-mediated Nuclear Import Of PICs R-HSA-180910,-1.505015652230661,0.1854905688747534,-1.5560515212195156,0.4054380557517857,-1.5931650741523709,0.1861383704306907,0.05 < q ≤ 0.25
reactome,Influenza Infection R-HSA-168255,-1.5050063740546742,0.1834222746293272,-1.1215461691133788,0.6724526231279933,-1.5989265298082092,0.1792748797540689,0.05 < q ≤ 0.25
reactome,Interleukin-7 Signaling R-HSA-1266695,1.5038331511365677,0.6751596690238443,1.3103881442642105,1.0,1.5288667919807732,0.2031617712130924,q > 0.25
reactome,Metabolism Of Nitric Oxide: NOS3 Activation And Regulation R-HSA-202131,-1.5028780446665877,0.1857532146807722,-1.456317573378083,0.4658928353277987,-0.9133181537603284,0.8068085764048778,0.05 < q ≤ 0.25
reactome,Signaling By TGFB Family Members R-HSA-9006936,-1.4993149187114578,0.190730417844611,-1.4224795554244036,0.4532530040462224,-1.142450165459458,0.5981114163331903,0.05 < q ≤ 0.25
reactome,Cell Surface Interactions At Vascular Wall R-HSA-202733,-1.4981842721257923,0.1908832964508027,-1.3855247701668936,0.4478345355432852,-1.3217458442427523,0.4523473177303937,0.05 < q ≤ 0.25
reactome,Class B/2 (Secretin Family Receptors) R-HSA-373080,-1.4938342542396812,0.1975450269842319,-1.2858364310348005,0.521546417158043,-1.4357582611313704,0.2970501953124563,0.05 < q ≤ 0.25
reactome,Phospholipase C-mediated Cascade; FGFR2 R-HSA-5654221,-1.4924757785701457,0.198229180349292,-1.1713303959656394,0.6367305376940106,-0.9276518001019792,0.7870462448350317,0.05 < q ≤ 0.25
reactome,Nonsense Mediated Decay (NMD) Enhanced By Exon Junction Complex (EJC) R-HSA-975957,-1.4924273826417302,0.1962406807120366,-1.1198519754164449,0.6734595333531004,-1.5614690020019104,0.2048401795815727,0.05 < q ≤ 0.25
reactome,SARS-CoV-2 Infection R-HSA-9694516,-1.4919171338810182,0.1951734038349634,-1.459742157269433,0.4599642580818783,-1.0405821711153322,0.7046580198025827,0.05 < q ≤ 0.25
reactome,Peptide Chain Elongation R-HSA-156902,-1.4893848821811266,0.1982109330927063,-0.8600982078299877,0.8842752578818688,-1.4756589773294215,0.2637404640038489,0.05 < q ≤ 0.25
reactome,Cell-Cell Communication R-HSA-1500931,-1.4865956125038158,0.2017168354469347,-1.4836430401935097,0.5058464629756804,-1.2230804416917471,0.5499634719816323,0.05 < q ≤ 0.25
reactome,mRNA Splicing R-HSA-72172,-1.4857608193208398,0.2014768675132245,-0.945738902474764,0.8616859612954073,-1.6134508482890535,0.1831240784666486,0.05 < q ≤ 0.25
reactome,Interleukin-4 And Interleukin-13 Signaling R-HSA-6785807,-1.4855444768434931,0.1998603902890662,-1.330626156064609,0.4844910350859488,-1.1099043238906074,0.6222032301862802,0.05 < q ≤ 0.25
reactome,Non-integrin membrane-ECM Interactions R-HSA-3000171,-1.48428336080371,0.2003819084890739,-1.3697850189150351,0.4621893470346233,-1.6553138708437591,0.1347458607739921,0.05 < q ≤ 0.25
reactome,Recycling Of Bile Acids And Salts R-HSA-159418,1.482874093153981,0.7546852686309697,1.4325876132002922,0.8969151125752639,1.1840540629833878,0.6759378073977073,q > 0.25
reactome,Signaling By Interleukins R-HSA-449147,-1.4824813184848498,0.2020147975437641,-1.4027707791542905,0.4489469791040497,-1.136654218382996,0.5968898793527143,0.05 < q ≤ 0.25
reactome,Sema3A PAK Dependent Axon Repulsion R-HSA-399954,-1.4788555093644538,0.2072689732855234,-1.4899798061202287,0.4881873969791772,0.9516423457300291,0.8700250503578527,0.05 < q ≤ 0.25
reactome,Oncogenic MAPK Signaling R-HSA-6802957,-1.4767290050524222,0.209771176634059,-1.493585110072445,0.496265126687948,-1.3124251983478274,0.4543082916660532,0.05 < q ≤ 0.25
reactome,Signaling By ALK R-HSA-201556,-1.47604610595637,0.2092099491822931,-1.2692217525740743,0.5220328321054933,0.9602044633913652,0.864731725550596,0.05 < q ≤ 0.25
reactome,SUMOylation Of SUMOylation Proteins R-HSA-4085377,-1.4755845131190732,0.2081689748713995,-1.46535284896317,0.4800948500636841,-1.538602108615269,0.2116686229356368,0.05 < q ≤ 0.25
reactome,MET Promotes Cell Motility R-HSA-8875878,-1.474459492292287,0.208478000155174,-1.4786118521764469,0.4828460696037646,-1.4515762194883794,0.2752011123497492,0.05 < q ≤ 0.25
reactome,Transport Of Mature mRNA Derived From An Intron-Containing Transcript R-HSA-159236,-1.4723383544978128,0.2110280347972776,-1.2945970142254573,0.5307317406394096,-1.5383866205835126,0.2076166610872637,0.05 < q ≤ 0.25
reactome,Transport Of Mature Transcript To Cytoplasm R-HSA-72202,-1.4720223904463046,0.2097113722149275,-1.288613325425409,0.5188269903520883,-1.5382703224206635,0.2036349499761242,0.05 < q ≤ 0.25
reactome,Molecules Associated With Elastic Fibres R-HSA-2129379,-1.4689893880255622,0.2138781436316283,-1.5015202484631027,0.4987629812243799,-1.1954188964745196,0.5651409041722414,0.05 < q ≤ 0.25
reactome,Selenocysteine Synthesis R-HSA-2408557,-1.4652280398557795,0.219738495414004,-0.954882742394499,0.8494794992991093,-1.5075816763477494,0.2413391531531066,0.05 < q ≤ 0.25
reactome,SHC-mediated cascade:FGFR4 R-HSA-5654719,-1.4623016995446565,0.2239506673583456,-1.440871907200728,0.4529050177510871,0.65654114326626,0.9842474599405086,0.05 < q ≤ 0.25
reactome,TGF-beta Receptor Signaling Activates SMADs R-HSA-2173789,-1.4598777559850404,0.2270858720226798,-1.4147108905385612,0.4425139672984947,-1.2665255196905578,0.4931671304177275,0.05 < q ≤ 0.25
reactome,Signaling By FGFR R-HSA-190236,-1.4586021113767735,0.2279582985361418,-1.220446116187368,0.5811618919300133,-1.3600271137869546,0.4189828785401784,0.05 < q ≤ 0.25
reactome,Transport Of Ribonucleoproteins Into Host Nucleus R-HSA-168271,-1.4549700155947278,0.2335832595150521,-1.4039245444362871,0.4599413804194953,-1.5530856533112327,0.2101233135713149,0.05 < q ≤ 0.25
reactome,SUMOylation Of DNA Replication Proteins R-HSA-4615885,-1.4547277641470286,0.2320785549255273,-1.2296574983489643,0.5704311329630558,-1.2627528566822204,0.501937674484475,0.05 < q ≤ 0.25
reactome,Defective TPR May Confer Susceptibility Towards Thyroid Papillary Carcinoma (TPC) R-HSA-5619107,-1.4536722841420917,0.2323209866122156,-1.4248161158387151,0.4563172324291402,-1.4641477068916455,0.2792680963937282,0.05 < q ≤ 0.25
reactome,Recognition Of DNA Damage By PCNA-containing Replication Complex R-HSA-110314,-1.4527068012085589,0.2324132834517716,-1.0023896423065437,0.8118490907753241,-0.8807931448063788,0.8314267427297156,0.05 < q ≤ 0.25
reactome,Interactions Of Rev With Host Cellular Proteins R-HSA-177243,-1.4520021100210851,0.2319485716697444,-1.2690166889774246,0.5199892717890883,-1.4538125969145754,0.2856516709964538,0.05 < q ≤ 0.25
reactome,Sealing Of Nuclear Envelope (NE) By ESCRT-III R-HSA-9668328,-1.4492504458415096,0.2359335434291658,-0.9909343961272508,0.8254655844157812,-1.1132080939751543,0.6160429019646992,0.05 < q ≤ 0.25
reactome,Host Interactions Of HIV Factors R-HSA-162909,-1.448448933376499,0.2356201738195158,-1.3471310251533382,0.4854624616821474,-1.3140291237512498,0.4581474391778043,0.05 < q ≤ 0.25
reactome,"Transport Of Bile Salts And Organic Acids, Metal Ions And Amine Compounds R-HSA-425366",1.4478566747606252,0.9600102949697876,1.1376711728569249,1.0,1.578222260960416,0.1373932991582378,q > 0.25
reactome,Rev-mediated Nuclear Export Of HIV RNA R-HSA-165054,-1.4469174346833071,0.236872506687808,-1.3590959790973238,0.4772151876190985,-1.4675768899041115,0.2737227064525917,0.05 < q ≤ 0.25
reactome,HS-GAG Biosynthesis R-HSA-2022928,-1.4466718467674458,0.2354703283818185,-1.4830363786019316,0.4848420940637318,0.9397057865256556,0.8788288859707682,0.05 < q ≤ 0.25
reactome,SHC-mediated cascade:FGFR2 R-HSA-5654699,-1.443400607662288,0.2403781394804901,-1.4208667937891288,0.4478428238638275,-0.730771359940986,0.9725083144344824,0.05 < q ≤ 0.25
reactome,RAS Processing R-HSA-9648002,-1.442628376188737,0.2401183342677203,-1.3015398316989522,0.518513970885054,-1.538248126996973,0.1996113208457838,0.05 < q ≤ 0.25
reactome,Signaling By NTRK1 (TRKA) R-HSA-187037,-1.44132374662983,0.2409678971514841,-1.4688961276126022,0.4836643867356207,-1.4305609503334176,0.3045884343359963,0.05 < q ≤ 0.25
reactome,Bile Acid And Bile Salt Metabolism R-HSA-194068,1.4411976650956688,0.9336586115566724,1.450941010792223,0.9214151799510452,1.639000124082783,0.0975847326333629,q > 0.25
reactome,Response Of EIF2AK1 (HRI) To Heme Deficiency R-HSA-9648895,-1.4395204044500047,0.2429028468082914,-1.3286859678161247,0.4804843709944402,-1.1928916629191002,0.5661735820205747,0.05 < q ≤ 0.25
reactome,Semaphorin Interactions R-HSA-373755,-1.4377229115730688,0.244668531618891,-1.4778675573544964,0.4752393812680903,1.131086378847188,0.7186145256219392,0.05 < q ≤ 0.25
reactome,Translation Of Structural Proteins R-HSA-9683701,-1.4371077884227172,0.2440616320369515,-1.4477735777425698,0.4687342907893526,0.8216013685122273,0.984708435625519,0.05 < q ≤ 0.25
reactome,MAPK Family Signaling Cascades R-HSA-5683057,-1.4357161705404509,0.24508070242962,-1.4473661571839278,0.4627080301713334,-1.2570174728387826,0.5093513151136037,0.05 < q ≤ 0.25
reactome,SARS-CoV-1 Infection R-HSA-9678108,-1.434482425997034,0.2458276139723442,-1.3930202360126929,0.4448234668819592,-0.8797603377951227,0.8326210236364471,0.05 < q ≤ 0.25
reactome,SHC-mediated cascade:FGFR3 R-HSA-5654704,-1.4331420715006822,0.246792185598368,-1.384526490987372,0.4426680487136996,0.665611997012971,0.9877079918095732,0.05 < q ≤ 0.25
reactome,Uptake And Actions Of Bacterial Toxins R-HSA-5339562,-1.4303072792669962,0.2511595773205454,-1.35606017943408,0.4796843090303581,0.911778716998626,0.8950886714374461,q > 0.25
reactome,SUMOylation Of Chromatin Organization Proteins R-HSA-4551638,-1.4292031649305683,0.2517727291577808,-1.4425952198891208,0.4528965811103262,-1.3688703490452727,0.4087499310549826,q > 0.25
reactome,FGFR2 Ligand Binding And Activation R-HSA-190241,-1.427245581552008,0.2541281497435541,-1.329710223470646,0.4839892767776509,-0.9836271574242156,0.7378796321725836,q > 0.25
reactome,Keratinization R-HSA-6805567,-1.4250754103448042,0.2570201152968177,-1.2697433255406008,0.5257879988876085,1.2619633318499626,0.569341347211687,q > 0.25
reactome,SLC Transporter Disorders R-HSA-5619102,-1.423115550946361,0.2595255300649032,-1.2805787535131117,0.5178162542876439,-0.9124428895991809,0.8050724481141138,q > 0.25
reactome,Signaling By VEGF R-HSA-194138,-1.422670679714207,0.2585926384234674,-1.421971795298813,0.449261575697497,-1.023154209731185,0.7106873060992733,q > 0.25
reactome,VEGFA-VEGFR2 Pathway R-HSA-4420097,-1.4224257904011846,0.2572504714752622,-1.4459317590863836,0.4538559222255861,-1.1135724835232022,0.6167125762080862,q > 0.25
reactome,Amine Ligand-Binding Receptors R-HSA-375280,-1.4221221041537595,0.2560505572590901,-1.4645874013651323,0.4742978799382069,-0.8107487273050515,0.9090412514332012,q > 0.25
reactome,RHOF GTPase Cycle R-HSA-9035034,-1.4212244151855649,0.256135800965337,-1.4228407622978436,0.4578155500771305,-1.404263927106406,0.3582581527440696,q > 0.25
reactome,Oxygen-dependent Proline Hydroxylation Of Hypoxia-inducible Factor Alpha R-HSA-1234176,-1.4201721807002663,0.2565162451457798,-1.3235519979686927,0.4871047250702109,-0.948448071647884,0.7592956402025444,q > 0.25
reactome,ISG15 Antiviral Mechanism R-HSA-1169408,-1.4200992677176882,0.2548784785384861,-1.304523494272097,0.522029463847508,1.0844800876627965,0.7578481853399156,q > 0.25
reactome,Metabolism Of Non-Coding RNA R-HSA-194441,-1.4143452074023837,0.2655786366309901,-1.407841633669775,0.4562128897874876,-1.4558330746628858,0.2870708507322509,q > 0.25
reactome,Amino Acids Regulate mTORC1 R-HSA-9639288,1.4140276747535685,1.0,1.6659151278759865,0.8151701404388284,-1.157009860947262,0.6028092993366005,q > 0.25
reactome,Signaling By NTRKs R-HSA-166520,-1.4132778501548395,0.2660711571658993,-1.480559824236808,0.4847737746829482,-1.2823320378618857,0.480914213534167,q > 0.25
reactome,IRAK4 Deficiency (TLR2/4) R-HSA-5603041,1.4129776552938078,1.0,1.3380360148796833,1.0,1.6314870727032074,0.1020782902260956,q > 0.25
reactome,Diseases Of Signal Transduction By Growth Factor Receptors And Second Messengers R-HSA-5663202,-1.412690369962406,0.2655450468994494,-1.4534953918308522,0.4692569914961784,-1.357085862306023,0.417861091557909,q > 0.25
reactome,Ca2+ Pathway R-HSA-4086398,-1.4116941766530011,0.2659330930271283,-1.304425502570125,0.519030748816352,-1.3518502972818771,0.4244049181692284,q > 0.25
reactome,Regulation Of Necroptotic Cell Death R-HSA-5675482,-1.4105496276470029,0.266630818085853,-1.431835434778976,0.4481857598207616,1.012822713421339,0.8521612244007603,q > 0.25
reactome,SMAD2/SMAD3:SMAD4 Heterotrimer Regulates Transcription R-HSA-2173796,-1.4094294319373504,0.2673703646711173,-1.2241769641317597,0.5772609457171372,-1.0830982004891043,0.6511772437880684,q > 0.25
reactome,Cellular Response To Hypoxia R-HSA-1234174,-1.4090659201938849,0.2664353241924033,-1.267707959882056,0.5108584754431152,-1.0603585344518498,0.6776194212099376,q > 0.25
reactome,Branched-chain Amino Acid Catabolism R-HSA-70895,1.407471195683036,0.9987274231309397,1.490966529101739,0.8698048964735776,1.4160534280113306,0.3458045877791407,q > 0.25
reactome,Acyl Chain Remodelling Of PI R-HSA-1482922,1.4071464236481197,0.938744481287056,1.208577614558641,1.0,1.4631145944409822,0.269447977885011,q > 0.25
reactome,SRP-dependent Cotranslational Protein Targeting To Membrane R-HSA-1799339,-1.4048504491414129,0.2737493752208434,-0.8924740156184935,0.8767395389319526,-1.636015951960614,0.1716372017984447,q > 0.25
reactome,Post-chaperonin Tubulin Folding Pathway R-HSA-389977,-1.4044493900462776,0.2728571481793394,-0.7794091122305112,0.9282180172906784,-0.9166267268210828,0.8009673931476837,q > 0.25
reactome,Deadenylation Of mRNA R-HSA-429947,-1.4044218309710848,0.2711346943664681,-1.357920753072644,0.4772865352485395,-0.9876094642979424,0.7313230380948152,q > 0.25
reactome,MAP3K8 (TPL2)-dependent MAPK1/3 Activation R-HSA-5684264,-1.4031147824146928,0.2723474166791327,-1.2065101802939913,0.5968531446483784,-0.7197592747445187,0.97720719527787,q > 0.25
reactome,Synthesis Of Bile Acids And Bile Salts R-HSA-192105,1.40191079584464,0.9219025454339576,1.4052507264711387,0.8734601517700787,1.6279997605451286,0.1011937996301369,q > 0.25
reactome,NRAGE Signals Death Thru JNK R-HSA-193648,1.4006533812455668,0.8797820297458497,1.3723877970426763,0.955752603678298,-1.208136780267254,0.5589631251999457,q > 0.25
reactome,"Platelet Activation, Signaling And Aggregation R-HSA-76002",-1.3981144631137916,0.2813863949360624,-1.4626118071965095,0.4736469799705622,-1.0954030563896424,0.6459160284209648,q > 0.25
reactome,Degradation Of Extracellular Matrix R-HSA-1474228,-1.3968527885485218,0.2823476434756939,-1.2689615566495642,0.5174802946125986,-1.177375546414228,0.5921695887674879,q > 0.25
reactome,CLEC7A (Dectin-1) Signaling R-HSA-5607764,-1.3959264885698237,0.2826867141106323,-1.2603008548895536,0.52017186956863,-1.15174162363389,0.5990000488600458,q > 0.25
reactome,Receptor-type Tyrosine-Protein Phosphatases R-HSA-388844,-1.3946648591552004,0.2837562884135828,-1.4309035704829425,0.4455091058360813,-0.7917744074007451,0.9352327129731932,q > 0.25
reactome,Negative Regulation Of MAPK Pathway R-HSA-5675221,-1.3942991371969202,0.282792437589223,-1.4619447222255118,0.4676294776291412,-1.3373463317343772,0.4252178681377914,q > 0.25
reactome,Antiviral Mechanism By IFN-stimulated Genes R-HSA-1169410,-1.3936561965557397,0.2825256397006018,-1.3025770743310725,0.5184075696807404,1.216403035018704,0.6521704941012731,q > 0.25
reactome,RIPK1-mediated Regulated Necrosis R-HSA-5213460,-1.3915237204782862,0.2854992281257676,-1.3887310861215931,0.4549133217893391,0.9571828040491334,0.8633875021619031,q > 0.25
reactome,Potassium Channels R-HSA-1296071,-1.3914856330675631,0.2838275585862934,-1.339571289835509,0.502974131782685,-0.7865965769336039,0.9386993913884883,q > 0.25
reactome,Acyl Chain Remodelling Of PG R-HSA-1482925,1.3906120807406537,0.9048417168442988,1.285533845627982,1.0,1.3903957892254892,0.3876697285269584,q > 0.25
reactome,"TICAM1, RIP1-mediated IKK Complex Recruitment R-HSA-168927",-1.3905424760718432,0.2842334509856757,-1.4152317767592355,0.4458146874654595,-0.8567044948039673,0.863590279616604,q > 0.25
reactome,Extra-nuclear Estrogen Signaling R-HSA-9009391,-1.3899320326900528,0.2839006443075577,-1.3362603096378896,0.4874421104600888,-1.2326848458558826,0.5495087028602043,q > 0.25
reactome,O-linked Glycosylation R-HSA-5173105,-1.3875739391872446,0.2871670233671468,-1.387107460526681,0.451344738740663,1.1019835083408192,0.762020921331044,q > 0.25
reactome,Early SARS-CoV-2 Infection Events R-HSA-9772572,-1.387532580608431,0.2855443063649409,-1.3367960924660227,0.5004974153687445,0.974505118515984,0.8564229003144773,q > 0.25
reactome,L1CAM Interactions R-HSA-373760,-1.3826615086941758,0.2945567157408663,-1.31304303884067,0.5076279450012658,1.1505144502196278,0.7001146077800906,q > 0.25
reactome,SUMOylation Of Ubiquitinylation Proteins R-HSA-3232142,-1.3813993770018076,0.2956046243364756,-1.4182430802650905,0.4406041807759852,-1.4533648314909993,0.2800648351252759,q > 0.25
reactome,tRNA Processing In Nucleus R-HSA-6784531,-1.3808191183033418,0.2951274632045638,-1.3246259008234216,0.4868653316609719,-1.5635623946583097,0.2052142820752243,q > 0.25
reactome,Export Of Viral Ribonucleoproteins From Nucleus R-HSA-168274,-1.3799461260622203,0.2953056110076657,-1.323233095588522,0.4848794093363703,-1.4847498496119875,0.2591610708537097,q > 0.25
reactome,NEP/NS2 Interacts With Cellular Export Machinery R-HSA-168333,-1.3777595300317476,0.2985426600668331,-1.3353562522059776,0.4867971165341836,-1.5157125221974392,0.2290555205989582,q > 0.25
reactome,Activation Of Matrix Metalloproteinases R-HSA-1592389,-1.3736798185437802,0.3061089540946333,-1.1036411567783222,0.7021337686460302,-0.9547432267694782,0.7573851064725994,q > 0.25
reactome,Spry Regulation Of FGF Signaling R-HSA-1295596,-1.3732826338130584,0.3052130917611672,-1.2213449521597133,0.5834579645273462,-1.0369704295406723,0.7023746726385267,q > 0.25
reactome,Formation Of Cornified Envelope R-HSA-6809371,-1.3688098663502284,0.3136687226236102,-1.2894296493686572,0.5222817286429313,1.3151323692632777,0.4995528557363431,q > 0.25
reactome,DNA Strand Elongation R-HSA-69190,-1.367949706811854,0.3138730331644632,-0.6832771973737111,0.9716747976763992,0.7089529625625283,0.9721921946637552,q > 0.25
reactome,Metabolism Of Porphyrins R-HSA-189445,1.3670592948215228,1.0,1.1551276300152256,1.0,1.5949646372016235,0.1327345362048857,q > 0.25
reactome,Laminin Interactions R-HSA-3000157,-1.3668539173948235,0.3146849138038206,-1.2693763776800628,0.5242714605689552,-1.553793335884671,0.2136426612081336,q > 0.25
reactome,Expression And Translocation Of Olfactory Receptors R-HSA-9752946,1.364489044651526,1.0,-0.7248132520813404,0.9569788054698384,1.2864170534884891,0.536485590843996,q > 0.25
reactome,VEGFR2 Mediated Cell Proliferation R-HSA-5218921,-1.3641161002961677,0.3192252436749686,-1.0890580421070917,0.7136731419238855,-1.2817972419296038,0.4772641573663563,q > 0.25
reactome,Nuclear Pore Complex (NPC) Disassembly R-HSA-3301854,-1.3636597289814971,0.3184125754269814,-1.28418135633375,0.5209314688334276,-1.2407961878493805,0.5391458409963568,q > 0.25
reactome,SARS-CoV Infections R-HSA-9679506,-1.3628326170296303,0.3185321636997719,-1.3128870356577471,0.5047685946470177,-0.9980418411781417,0.7184671019622457,q > 0.25
reactome,Peroxisomal Lipid Metabolism R-HSA-390918,1.360545721275788,0.9856556374964373,1.5948430454570417,0.8257308656388421,1.4287478462781105,0.3336897529114528,q > 0.25
reactome,Voltage Gated Potassium Channels R-HSA-1296072,-1.3584597526498423,0.3270901845352437,-1.1487965271135625,0.6652266652175826,1.1146142366033518,0.7440195695040819,q > 0.25
reactome,Beta-catenin Independent WNT Signaling R-HSA-3858494,-1.3583040141435412,0.3256638530977724,-1.3313557957954545,0.4855197689041196,-1.3681653615342309,0.4074283608743371,q > 0.25
reactome,Lewis Blood Group Biosynthesis R-HSA-9037629,-1.3567553424962342,0.3275606505539146,-1.1056678468167815,0.6980097228149656,1.1082730135417334,0.7451038634577695,q > 0.25
reactome,Transcriptional Activity Of SMAD2/SMAD3:SMAD4 Heterotrimer R-HSA-2173793,-1.356302249243242,0.3268928885401063,-1.1471303817596294,0.6612159188848405,-1.0236493438004304,0.7139623203579432,q > 0.25
reactome,"Cell Death Signaling Via NRAGE, NRIF And NADE R-HSA-204998",1.356200377080125,0.9739360714542128,1.3265300134981746,1.0,-1.1496392284792922,0.5974785139033243,q > 0.25
reactome,RHOBTB2 GTPase Cycle R-HSA-9013418,-1.3558339856648278,0.3261924696929399,-1.132715022313974,0.6724436845237012,0.7202323853363629,0.9728199623280804,q > 0.25
reactome,FRS-mediated FGFR1 Signaling R-HSA-5654693,-1.3539083449899616,0.328976370627321,-1.2150059567818778,0.5905458241425544,-0.919809484916446,0.7980877790251881,q > 0.25
reactome,Cytochrome P450 - Arranged By Substrate Type R-HSA-211897,1.3514653429308674,0.9664147394708504,1.5224711875717605,1.0,1.0511276149130813,0.8061281007201123,q > 0.25
reactome,SUMOylation Of DNA Methylation Proteins R-HSA-4655427,-1.3490587329418957,0.3388696954555231,-1.4207121242482994,0.4428263743273666,-1.1575428494267808,0.6053101040688788,q > 0.25
reactome,Signaling By NOTCH1 R-HSA-1980143,-1.3476134475046384,0.3405288431922615,-1.3654957614920047,0.4642133155303,0.989961554326787,0.869680409375441,q > 0.25
reactome,Metabolism Of Angiotensinogen To Angiotensins R-HSA-2022377,1.3475935448051708,0.9542965829443824,1.363265059738257,0.9498193867390036,1.7423977937820776,0.037940236387656,q > 0.25
reactome,Signaling By ALK Fusions And Activated Point Mutants R-HSA-9725370,-1.3473923700744943,0.3392464111786872,-1.4394834347632832,0.4514141333190861,-1.1365636430160715,0.5953538183708046,q > 0.25
reactome,TNF Receptor Superfamily (TNFSF) Members Mediating Non-Canonical NF-kB Pathway R-HSA-5676594,-1.3463590768146738,0.3398637137495528,-1.3393831716215183,0.4997821198547811,-0.7848836855448766,0.938871532438868,q > 0.25
reactome,Interleukin-20 Family Signaling R-HSA-8854691,1.344265725377788,0.9398831577925614,1.2429317373663555,1.0,1.7179634580845484,0.047938129810092,q > 0.25
reactome,TGF-beta Receptor Signaling In EMT (Epithelial To Mesenchymal Transition) R-HSA-2173791,-1.3442523428246358,0.3432175110341065,-1.314383891316945,0.5066017046514005,-0.9534927387839922,0.7579884684739407,q > 0.25
reactome,Nuclear Receptor Transcription Pathway R-HSA-383280,1.3438369929513363,0.9080710779589424,1.3539032788478396,0.9818708048029344,0.9592546847936404,0.8602581569475509,q > 0.25
reactome,Regulation Of Innate Immune Responses To Cytosolic DNA R-HSA-3134975,-1.3438292192571997,0.3423434149175481,-1.1810923770460338,0.6273831766111512,0.8930809473338789,0.9165575666925072,q > 0.25
reactome,Regulation Of TP53 Activity Thru Methylation R-HSA-6804760,-1.3425765636187184,0.3436793844101271,-1.0195203433192757,0.8023313450043409,-0.6885562993123346,0.978705859948075,q > 0.25
reactome,Late SARS-CoV-2 Infection Events R-HSA-9772573,-1.340197663666218,0.3475657496258429,-1.4323895620016325,0.4521810559424092,-1.135684471684736,0.5960879891513983,q > 0.25
reactome,C-type Lectin Receptors (CLRs) R-HSA-5621481,-1.3401602025397346,0.3458440646169752,-1.2268562306079942,0.5739744515147635,-1.06972016777174,0.6653209521482922,q > 0.25
reactome,Assembly Of HIV Virion R-HSA-175474,-1.3394739661286452,0.345745082206413,-1.144979771816828,0.6589058447747518,-1.173239714995494,0.5942759739919797,q > 0.25
reactome,Synthesis Of Substrates In N-glycan Biosythesis R-HSA-446219,-1.338016677353674,0.347470234315607,-1.2812769233407129,0.5185375852114277,-1.253128082781609,0.5136310762939195,q > 0.25
reactome,NOTCH1 Intracellular Domain Regulates Transcription R-HSA-2122947,-1.3362331775030254,0.3501457475165656,-1.3479148407228585,0.4867756718412688,0.8108670899484093,0.982129327849934,q > 0.25
reactome,SUMOylation Of DNA Damage Response And Repair Proteins R-HSA-3108214,-1.3357997363176846,0.3495129460658058,-1.3279229321463726,0.479572295100022,-1.2991909517718945,0.4670217540548091,q > 0.25
reactome,Regulation Of TLR By Endogenous Ligand R-HSA-5686938,1.334452243981308,0.9354521513511388,1.3043725114789275,1.0,1.6071092644205964,0.1200427090838772,q > 0.25
reactome,Interleukin Receptor SHC Signaling R-HSA-912526,1.3317524172369255,0.9206310479706044,0.9364394817316748,1.0,1.1016571649474882,0.7527738611338619,q > 0.25
reactome,Interleukin-2 Family Signaling R-HSA-451927,1.3306657273686409,0.8968641088328266,0.8910001783806933,1.0,1.5014239675961425,0.2281480386931305,q > 0.25
reactome,CTLA4 Inhibitory Signaling R-HSA-389513,-1.3295882606541254,0.3628811422102672,-1.29433438069077,0.5283221912903355,-0.934573918258344,0.7757192684883735,q > 0.25
reactome,Thrombin Signaling Thru Proteinase Activated Receptors (PARs) R-HSA-456926,-1.3293825010813844,0.3616076784344039,-1.097930494747993,0.6947986922541017,-1.3187483841235532,0.4523167532955372,q > 0.25
reactome,Signaling By FLT3 Fusion Proteins R-HSA-9703465,1.326803031485483,0.8917851010568854,1.2831070137161056,1.0,1.1822037829018737,0.6763276630278229,q > 0.25
reactome,SARS-CoV-2 Modulates Host Translation Machinery R-HSA-9754678,-1.3266998954153923,0.3664615823274142,0.6622712087968134,1.0,-1.1617242733235724,0.602518771300035,q > 0.25
reactome,FCGR3A-mediated IL10 Synthesis R-HSA-9664323,-1.3258985144312918,0.3665925863904122,-1.3315599980461157,0.4883028079331439,-0.8287822619659656,0.8955925123206038,q > 0.25
reactome,MyD88 Deficiency (TLR2/4) R-HSA-5602498,1.3251588849993765,0.8732334098717722,1.2563284361965468,1.0,1.5799928839156805,0.1398717593998636,q > 0.25
reactome,Blood Group Systems Biosynthesis R-HSA-9033658,-1.3241933308547262,0.3688902698691238,-1.0765174741508143,0.7274052250362882,1.0637887130707548,0.7956124154064953,q > 0.25
reactome,Transcriptional Regulation By RUNX3 R-HSA-8878159,-1.3221704810467394,0.3720322412803195,-1.3073209536843122,0.5162952762612896,-1.227293640957022,0.5516414800259242,q > 0.25
reactome,Signaling To ERKs R-HSA-187687,-1.3211456507552484,0.3727404446587246,-1.2535606371264538,0.5280264618555168,-1.212302203658757,0.557653399096819,q > 0.25
reactome,Endogenous Sterols R-HSA-211976,1.3204620595568288,0.8740813419572776,1.5138453749711012,0.9726680434217434,1.0397357437047834,0.8273102371925007,q > 0.25
reactome,Sema4D Induced Cell Migration And Growth-Cone Collapse R-HSA-416572,-1.3203692513123118,0.3728370537955592,-1.11912956325158,0.6734957215600235,1.403077775434394,0.3738597762275931,q > 0.25
reactome,Glucagon-like Peptide-1 (GLP1) Regulates Insulin Secretion R-HSA-381676,-1.3201592768986607,0.3715380885305668,-1.1861532425440684,0.6162444758325404,-1.1262197595706662,0.6025510476740235,q > 0.25
reactome,TNFR2 Non-Canonical NF-kB Pathway R-HSA-5668541,-1.3197801260010191,0.3707011307407504,-1.0992860921347614,0.6987822192706316,-1.0363427360576238,0.6994270289565625,q > 0.25
reactome,IKK Complex Recruitment Mediated By RIP1 R-HSA-937041,-1.3195509038570792,0.3694937450935063,-1.3367330954375187,0.4969179862563867,-0.8249202470650215,0.9008605718996086,q > 0.25
reactome,Sema4D In Semaphorin Signaling R-HSA-400685,-1.3191037220580384,0.3687767227832157,-1.2491383347204066,0.5336757242478884,1.1677704793321728,0.68553591699282,q > 0.25
reactome,Defective GALNT3 Causes HFTC R-HSA-5083625,1.3178344595296907,0.8635558493473822,0.9880579111364232,1.0,1.0105851985290175,0.851008967921899,q > 0.25
reactome,Signaling By B Cell Receptor (BCR) R-HSA-983705,-1.316171404330011,0.37418190594825,-1.2852279682517385,0.520568443670737,-1.021845390634469,0.7128156273134835,q > 0.25
reactome,Cholesterol Biosynthesis R-HSA-191273,-1.31469121341207,0.3760384551131105,-0.8706067879480276,0.8795205157785523,-1.129487459603394,0.600157500301261,q > 0.25
reactome,Keratan Sulfate/Keratin Metabolism R-HSA-1638074,-1.3134962802663872,0.377227743998871,-1.2921837002629797,0.5258887412378794,0.9289892380809184,0.884214167240343,q > 0.25
reactome,Late Phase Of HIV Life Cycle R-HSA-162599,-1.312619995968778,0.3776667279625023,-1.3040303718099524,0.5170909580984427,-1.6000961610067823,0.1833937290811063,q > 0.25
reactome,Regulation Of Expression Of SLITs And ROBOs R-HSA-9010553,-1.3119680935788298,0.3775445589985717,-0.9792847662732288,0.8306011721155265,-1.305902530230907,0.4602409641781805,q > 0.25
reactome,TP53 Regulates Transcription Of Additional Cell Cycle Genes With Uncertain Roles In P53 Pathway R-HSA-6804115,-1.3095394573433674,0.3819091387650025,-0.879839337440798,0.8772670391982874,0.8736018293592078,0.9314511756954068,q > 0.25
reactome,RHO GTPase Effectors R-HSA-195258,-1.3093701636539257,0.3805969851992161,-1.1001253063836285,0.7024209248938517,-1.0626172951457402,0.6743506971286101,q > 0.25
reactome,Platelet Degranulation R-HSA-114608,-1.3091120941778431,0.3794419951299639,-1.409998464238976,0.4540392181252499,-1.0759124890801293,0.6555300113659583,q > 0.25
reactome,RNA Polymerase II Transcription Termination R-HSA-73856,-1.30792868390425,0.380563811794597,-0.9390814675580474,0.8632487662714262,-1.253062672986693,0.5113175650072135,q > 0.25
reactome,Toll Like Receptor 3 (TLR3) Cascade R-HSA-168164,-1.30770917648285,0.3793937927681438,-1.4036028184840508,0.4558905745992233,-1.1761699135276649,0.5915695086704609,q > 0.25
reactome,Translation R-HSA-72766,-1.3069181870985862,0.3795432111777547,-1.003604355141672,0.8139339962652385,-1.531851917461281,0.2103750371894475,q > 0.25
reactome,Basigin Interactions R-HSA-210991,-1.3023860992770162,0.3889951844707797,-1.142709285320292,0.6615375661765308,-1.0624132305154852,0.6733103135618479,q > 0.25
reactome,TRP Channels R-HSA-3295583,1.302201329160958,0.929959452650773,1.421724644612895,0.8830932325147244,-0.6977433449206758,0.9783891316092396,q > 0.25
reactome,Nuclear Events Stimulated By ALK Signaling In Cancer R-HSA-9725371,-1.3010955743810433,0.3905607232275493,-1.2242966279603786,0.5794615104594668,0.8192301686560861,0.980360586978909,q > 0.25
reactome,SARS-CoV-2 Activates/Modulates Innate And Adaptive Immune Responses R-HSA-9705671,-1.3001946050057902,0.3910504760768526,-1.3545875844930504,0.4806128667044973,-0.975550363845392,0.7332258349198643,q > 0.25
reactome,M Phase R-HSA-68886,-1.2997571458071988,0.39037332904708,-0.9797476520766863,0.8347107562848177,-1.3275408088753642,0.4432194207792153,q > 0.25
reactome,Cleavage Of Damaged Purine R-HSA-110331,1.298601420423226,0.9258888618055514,1.144068550960265,1.0,-0.6838619879040629,0.9794234799129916,q > 0.25
reactome,SARS-CoV-2-host Interactions R-HSA-9705683,-1.2982006750450377,0.3924919394804271,-1.203584450472892,0.6035528433747099,-0.9552548827485458,0.7587213072136678,q > 0.25
reactome,MyD88-independent TLR4 Cascade R-HSA-166166,-1.2980004161625385,0.3912444784777075,-1.3884069744445866,0.4514579206728946,-1.181354336417766,0.5907010636087835,q > 0.25
reactome,Synthesis Of PIPs At Golgi Membrane R-HSA-1660514,1.2975983176374106,0.9067036748459276,0.971886214694026,1.0,-0.9824331693343972,0.7340782061757956,q > 0.25
reactome,Interleukin-17 Signaling R-HSA-448424,-1.297034355480607,0.3919394531229161,-1.4027469724663535,0.4442071669395803,-1.3396556936746924,0.4364657411477748,q > 0.25
reactome,HIV Infection R-HSA-162906,-1.2959416650914026,0.3929577081079017,-1.2560600806791289,0.5253797089748596,-1.456130275255527,0.2898250485903086,q > 0.25
reactome,Downstream Signaling Events Of B Cell Receptor (BCR) R-HSA-1168372,-1.2959205140070755,0.3913032352599545,-1.0993113499165863,0.7007594165731688,-1.0837510675004591,0.6559494010119317,q > 0.25
reactome,Signaling By WNT R-HSA-195721,-1.2945027140728402,0.3931102748424721,-1.2914114960239054,0.525226181265388,-1.22202282112055,0.5507921392564717,q > 0.25
reactome,Mitotic Metaphase And Anaphase R-HSA-2555396,-1.2944302269999537,0.3915887289220466,-0.917030473883275,0.8844120245014314,-1.302736792102614,0.4617342465835347,q > 0.25
reactome,Downregulation Of SMAD2/3:SMAD4 Transcriptional Activity R-HSA-2173795,-1.2917745646690173,0.3966002307684412,-1.1483011266444618,0.6620912444448181,-0.9089759052251404,0.8059089625783097,q > 0.25
reactome,Activation Of IRF3/IRF7 Mediated By TBK1/IKK Epsilon R-HSA-936964,-1.2913544633604894,0.3958964390362053,-1.2099451125243592,0.5910904774942838,-0.7391109896013868,0.969806445674564,q > 0.25
reactome,HSF1 Activation R-HSA-3371511,-1.2891060054532193,0.3998216305939365,-0.9424241823752684,0.864104884052328,-0.8217911131470785,0.9019618208452836,q > 0.25
reactome,MAP Kinase Activation R-HSA-450294,-1.2887955392448995,0.3988970991113028,-1.3855607424245326,0.4520042223981824,-1.374503923933397,0.401668881343923,q > 0.25
reactome,Packaging Of Telomere Ends R-HSA-171306,1.2868144887543385,0.946029369729093,1.2979420533209791,1.0,-0.6235672266676413,0.9886274054200108,q > 0.25
reactome,Surfactant Metabolism R-HSA-5683826,1.2864701397243514,0.9238013793208224,1.2286982961203563,1.0,0.5391644596293335,0.9966526868596096,q > 0.25
reactome,Fc Epsilon Receptor (FCERI) Signaling R-HSA-2454202,-1.2861883647317025,0.4038670783721267,-1.2968429799575876,0.5268429540090545,-1.1645037732123662,0.6001091123329854,q > 0.25
reactome,Mitotic Anaphase R-HSA-68882,-1.285283431630433,0.4044157250278808,-0.9180620348376256,0.8849397717083047,-1.3088876523298991,0.4538150085558416,q > 0.25
reactome,G-protein Beta:Gamma Signaling R-HSA-397795,-1.2841741709467145,0.405475092740804,-1.1139131804720024,0.6830401372160462,-1.1595251436903655,0.6031046991483595,q > 0.25
reactome,Regulation Of KIT Signaling R-HSA-1433559,-1.28406252933365,0.4040516116153773,-1.352906656151382,0.4822076998245005,0.9637666421951572,0.8644511574993762,q > 0.25
reactome,Glycosaminoglycan Metabolism R-HSA-1630316,-1.2838458863321651,0.4029177314159225,-1.2869290787459264,0.521200872383131,-1.104951851104253,0.6316764259809179,q > 0.25
reactome,Synthesis Of DNA R-HSA-69239,-1.2820057019579647,0.4057373837028498,-0.9204795637862856,0.886656310979532,-1.0197629988184078,0.7126531632699815,q > 0.25
reactome,Platelet Calcium Homeostasis R-HSA-418360,-1.2812498994369437,0.4058590234160384,-1.2453023508592471,0.5378366045744961,0.8585907623189631,0.9482781192574312,q > 0.25
reactome,Downregulation Of TGF-beta Receptor Signaling R-HSA-2173788,-1.280650064287823,0.4057076090803662,-1.109166603074437,0.6934303765072698,-1.36584329621847,0.4111932362785361,q > 0.25
reactome,RET Signaling R-HSA-8853659,1.2800894527328426,0.9376458197216382,1.2066904624878962,1.0,-1.180812364925708,0.5858560725802288,q > 0.25
reactome,RHOC GTPase Cycle R-HSA-9013106,-1.279381010685457,0.4072269228079068,-1.2805726073794736,0.5150067563829022,-1.1411410312938557,0.6000834819399389,q > 0.25
reactome,Defective B3GALT6 Causes EDSP2 And SEMDJL1 R-HSA-4420332,-1.2789514086949565,0.4066474646069133,-1.276304361028451,0.5223722432696093,-1.0383880569569406,0.703062802205845,q > 0.25
reactome,Diseases Of Carbohydrate Metabolism R-HSA-5663084,1.2777872157043595,0.9280741905874256,1.2191013829282455,1.0,1.3076439626240324,0.509613198981106,q > 0.25
reactome,Pyruvate Metabolism R-HSA-70268,-1.2772815374397513,0.4090632865518516,-0.9041424955097828,0.8786921694857253,0.7204805436716404,0.9752639812582105,q > 0.25
reactome,Mitotic Prophase R-HSA-68875,-1.275562146330751,0.4117933580313662,-1.1232247460642455,0.6714940324771512,-1.2295424612440085,0.546982497879469,q > 0.25
reactome,Disassembly Of Destruction Complex And Recruitment Of AXIN To Membrane R-HSA-4641262,-1.2752678604200165,0.4108281761005704,-1.2831724229964525,0.5153829926404353,-0.9797501106363382,0.7315711065532787,q > 0.25
reactome,Antigen Activates B Cell Receptor Leading To Second Messenger Generation R-HSA-983695,-1.274639887555018,0.4107836787241912,-1.3994152272115847,0.4461332157722998,-0.869431034024197,0.8469530482375393,q > 0.25
reactome,Cooperation Of PDCL (PhLP1) And TRiC/CCT In G-protein Beta Folding R-HSA-6814122,-1.2740246619316882,0.4106405004258704,-1.084572068740674,0.719119835641257,-1.3590894464148409,0.4184749674303059,q > 0.25
reactome,Interleukin-1 Family Signaling R-HSA-446652,-1.273965565236806,0.409173510542922,-1.1308355719355787,0.6738480092840506,-0.9211213489632132,0.797399782307975,q > 0.25
reactome,Signaling By MET R-HSA-6806834,-1.2731029771673508,0.4097233635311059,-1.213841561097361,0.5890387591459969,-1.3498401809170737,0.4273872367599531,q > 0.25
reactome,"Defective B4GALT7 Causes EDS, Progeroid Type R-HSA-3560783",-1.2727973466225202,0.408850945381136,-1.2565718815937112,0.5264085916467688,-1.0156980032273606,0.7060186095418722,q > 0.25
reactome,Response To Elevated Platelet Cytosolic Ca2+ R-HSA-76005,-1.2723667799908138,0.4083332031727285,-1.366211213422358,0.4699243580349294,-1.0857653416793138,0.6604823710754123,q > 0.25
reactome,Sialic Acid Metabolism R-HSA-4085001,-1.271556262253541,0.408750794568182,-1.234179416176311,0.5668387967989503,-1.0314324197582216,0.7056089074360206,q > 0.25
reactome,Iron Uptake And Transport R-HSA-917937,1.2713545266710815,0.9422919676390158,1.3688804999825657,0.9447794984491066,1.2540591323097376,0.5822565999549308,q > 0.25
reactome,FCERI Mediated Ca+2 Mobilization R-HSA-2871809,-1.2708831446073274,0.408863974822255,-1.2935457840319768,0.5245524514041634,0.9181491147160544,0.8862331629887188,q > 0.25
reactome,FRS-mediated FGFR4 Signaling R-HSA-5654712,-1.2694109003690472,0.4109590854996534,-1.1877366611113953,0.6210310199628211,-0.6577607611824661,0.9854440750969072,q > 0.25
reactome,ABC Transporters In Lipid Homeostasis R-HSA-1369062,1.2692776231179463,0.9323620373214032,1.4692830986955108,0.9851141709301928,1.058624862188616,0.7896576715978041,q > 0.25
reactome,Signaling By EGFR R-HSA-177929,-1.268011467141165,0.4127828075529434,-1.212044015166804,0.5895875889029888,-1.144803941962821,0.5986832655743226,q > 0.25
reactome,Gluconeogenesis R-HSA-70263,1.2669311648073067,0.9244339718576976,1.440838407384539,0.8849168183222882,1.0952746905080737,0.7404524545587408,q > 0.25
reactome,Regulated Necrosis R-HSA-5218859,-1.2665741224460445,0.414756554464135,-1.336351422983406,0.4907667153815773,0.9935699740420684,0.8701917801278356,q > 0.25
reactome,Ubiquitin-dependent Degradation Of Cyclin D R-HSA-75815,-1.2650787399976309,0.4169186463292507,-1.2540417345171353,0.5290872274233991,-1.0972112988123652,0.6422533571381649,q > 0.25
reactome,Defective B3GAT3 Causes JDSSDHD R-HSA-3560801,-1.2647614374592755,0.4161133276579166,-1.2736881772089597,0.5219503814499177,-1.0235932271553825,0.7125585047009978,q > 0.25
reactome,Signaling To RAS R-HSA-167044,-1.263956441379192,0.4165374806078442,-1.366159620432631,0.4660793885275547,-0.8529225143024511,0.8683445125388769,q > 0.25
reactome,HIV Life Cycle R-HSA-162587,-1.261374735662968,0.4213089818501132,-1.267526932744056,0.5088375130352878,-1.6207573841253238,0.1733883827548802,q > 0.25
reactome,Ras Activation Upon Ca2+ Influx Thru NMDA Receptor R-HSA-442982,-1.2607977563538335,0.4212029361799594,-1.3943367107435956,0.4447760173131048,-1.0196482755176683,0.7114674933258585,q > 0.25
reactome,Synthesis Of Prostaglandins (PG) And Thromboxanes (TX) R-HSA-2162123,-1.2566394323833208,0.4301528555587166,-1.336570725857117,0.493733130693289,1.2731826979375174,0.5595422926230194,q > 0.25
reactome,Selenoamino Acid Metabolism R-HSA-2408522,-1.2563756015049468,0.4292622691953289,-0.8467948952432496,0.8932075055128554,-1.146932800022377,0.5997924189757832,q > 0.25
reactome,APC/C-mediated Degradation Of Cell Cycle Proteins R-HSA-174143,-1.2552357382009618,0.4304231194478886,-0.8905362922258171,0.877159746799322,-1.0133618796287,0.7066066241916146,q > 0.25
reactome,Ephrin Signaling R-HSA-3928664,-1.2538028842004318,0.4324070160013239,-1.3345529576169746,0.4857769031520167,-1.2033113492446024,0.5604475852735938,q > 0.25
reactome,"Synthesis, Secretion, And Inactivation Of Glucagon-like Peptide-1 (GLP-1) R-HSA-381771",-1.2510554797807696,0.4378035949952896,-1.2508501756354042,0.5336339787302549,-1.5293117912880116,0.2123640136554082,q > 0.25
reactome,Peptide Ligand-Binding Receptors R-HSA-375276,1.249846788767222,1.0,1.202633107333167,1.0,1.4692341096235093,0.2617952131483494,q > 0.25
reactome,Budding And Maturation Of HIV Virion R-HSA-162588,-1.2496741090380874,0.4397247690661362,-0.9633888299894368,0.8461809736244832,-1.0314835606507422,0.7070317891405827,q > 0.25
reactome,Regulation Of PTEN Gene Transcription R-HSA-8943724,-1.2495188481328146,0.4385090008550721,-1.1982473514168874,0.6128499662428788,-1.2842556574468156,0.4776547342876749,q > 0.25
reactome,FRS-mediated FGFR3 Signaling R-HSA-5654706,-1.2482473612281193,0.4401269014344738,-1.1411241348746093,0.6620304062268658,-0.6659383491530889,0.9850766765354873,q > 0.25
reactome,RHOQ GTPase Cycle R-HSA-9013406,-1.2481160387680803,0.438853590898785,-1.320567840887314,0.4900523003778831,-1.140566107897412,0.5999382163342046,q > 0.25
reactome,tRNA Processing R-HSA-72306,-1.2472236098980831,0.4395483848962178,-1.2898201711509043,0.5241717155527061,-1.3732534502761284,0.4020514350466919,q > 0.25
reactome,Processing Of Capped Intronless Pre-mRNA R-HSA-75067,-1.2467342988695036,0.43923310200001,-1.0140700418512834,0.8073461892510413,-0.9091763972213652,0.8067226807702391,q > 0.25
reactome,Membrane Binding And Targetting Of GAG Proteins R-HSA-174490,-1.2464072258399763,0.4384459026050042,-1.0043406272943465,0.8135641344784548,-1.1251996646816878,0.6019653252180244,q > 0.25
reactome,Metabolism Of Nucleotides R-HSA-15869,-1.245858078238437,0.438282156203738,-1.13917040544064,0.6658641845926133,-1.005268308074193,0.7143448227714608,q > 0.25
reactome,Activated PKN1 Stimulates Transcription Of Androgen Receptor Regulated KLK2 And KLK3 R-HSA-5625886,1.2455355651322206,1.0,1.20869880538901,1.0,0.8516149292374313,0.9499100417788078,q > 0.25
reactome,Attenuation Phase R-HSA-3371568,-1.2452569226601344,0.4382744899185158,-0.9872152124264996,0.8309505561007856,-0.7315765084321351,0.9729476311012144,q > 0.25
reactome,Acyl Chain Remodelling Of PC R-HSA-1482788,1.2447653160777732,0.988101695619718,1.0728447996383623,1.0,1.1083053341596565,0.7501827902796814,q > 0.25
reactome,Viral Messenger RNA Synthesis R-HSA-168325,-1.244066730435079,0.4397054893577445,-1.1754922193042827,0.6354707150660363,-1.4898435900055764,0.2574922512303048,q > 0.25
reactome,Signaling By FGFR4 R-HSA-5654743,-1.242517542246644,0.4419948426881492,-1.1783352787534196,0.6287770415616718,-0.9980243507354636,0.7170905496570957,q > 0.25
reactome,Regulation Of RUNX3 Expression And Activity R-HSA-8941858,-1.241147585435536,0.4437861472174115,-1.05691654906191,0.7571010486204603,-1.0495999614739775,0.6929433327639273,q > 0.25
reactome,Metal Ion SLC Transporters R-HSA-425410,1.240953038626002,0.9894823684575628,1.1159595441934946,1.0,1.6601107303735576,0.101056845113291,q > 0.25
reactome,"Incretin Synthesis, Secretion, And Inactivation R-HSA-400508",-1.240596605904262,0.4436303793191371,-1.1441403068681684,0.6592576491268282,-1.3113960856966222,0.4545648669018472,q > 0.25
reactome,FRS-mediated FGFR2 Signaling R-HSA-5654700,-1.2384571193343594,0.4475149192019991,-1.158451281033881,0.6536009146058872,-0.7656138687683854,0.9475107227539864,q > 0.25
reactome,EGFR Downregulation R-HSA-182971,-1.2376558125965158,0.447928962871963,-1.2191122051402057,0.5828448620437245,-1.2149242260227788,0.5542058689272127,q > 0.25
reactome,G-protein Activation R-HSA-202040,-1.2376195808490509,0.4464635209495056,-1.1332780058835248,0.6751992615751635,-1.226052357663538,0.5505913149624382,q > 0.25
reactome,Stabilization Of P53 R-HSA-69541,-1.23755422663872,0.4450702981380096,-1.054848474920487,0.7594096374005211,-0.9075343521655956,0.8057117184884404,q > 0.25
reactome,Cellular Senescence R-HSA-2559583,-1.237374149214139,0.4439653034106472,-1.191188497476065,0.6201154495196787,-1.2782424753739738,0.4829957719820851,q > 0.25
reactome,CREB1 Phosphorylation Thru NMDA Receptor-Mediated Activation Of RAS Signaling R-HSA-442742,-1.2369731861299105,0.4434612534816169,-1.3119127838788818,0.5046162699614107,-0.92677671553524,0.7866992310280709,q > 0.25
reactome,Regulation Of Insulin Secretion R-HSA-422356,-1.2365434859711355,0.4430298377267589,-1.0565037997823934,0.7563757808792103,-0.98209278937553,0.7335940760481557,q > 0.25
reactome,Transcriptional Regulation By Small RNAs R-HSA-5578749,-1.2340655602003603,0.4477121678757453,-1.268847991491671,0.515195302765369,-1.488922389286258,0.2559142374418759,q > 0.25
reactome,Thromboxane Signaling Thru TP Receptor R-HSA-428930,-1.2338826585644185,0.4466451862442109,-1.0984074073735703,0.6994914541036886,-1.2742232051767624,0.4850235430761306,q > 0.25
reactome,Metabolism Of Carbohydrates R-HSA-71387,-1.2330438184990624,0.4472022543100699,-1.20285352646498,0.6033791974464165,-0.9743407171371083,0.7350456625224456,q > 0.25
reactome,Signaling By FLT3 ITD And TKD Mutants R-HSA-9703648,1.2315387717382733,1.0,1.2661150844698077,1.0,-0.9574767341943264,0.7568722292419326,q > 0.25
reactome,Signaling By BRAF And RAF1 Fusions R-HSA-6802952,-1.231183236069285,0.4503871733728699,-1.1329093702777455,0.674072319068435,-1.0979188939487377,0.6418967142058173,q > 0.25
reactome,MAPK Targets/ Nuclear Events Mediated By MAP Kinases R-HSA-450282,-1.230733858342617,0.4499577854376863,-1.3844916097149664,0.4386568451924862,-1.2331749757228234,0.5530220116511257,q > 0.25
reactome,NIK To Noncanonical NF-kB Signaling R-HSA-5676590,-1.228382253810992,0.4543295770344994,-1.058176036980197,0.75524217669683,-1.013931914476674,0.7094695475465168,q > 0.25
reactome,ESR-mediated Signaling R-HSA-8939211,-1.2273866519859975,0.4552784100875342,-1.10004831948347,0.7005798359962582,-1.344399341568502,0.4345542757096508,q > 0.25
reactome,EPHB-mediated Forward Signaling R-HSA-3928662,-1.226925815576874,0.4549137117490164,-1.3296661221548445,0.4807632511409381,0.8166459342930016,0.9795873564185212,q > 0.25
reactome,G2/M Checkpoints R-HSA-69481,-1.2265693598171936,0.4542840924415217,-0.920239436523178,0.8856220002018367,0.841061484417833,0.9565595256623448,q > 0.25
reactome,Signaling By Erythropoietin R-HSA-9006335,1.2238579660242066,1.0,1.216653174153534,1.0,0.9730492147888554,0.8534050917503799,q > 0.25
reactome,Activation Of Kainate Receptors Upon Glutamate Binding R-HSA-451326,-1.2231715935830054,0.4612845865805635,-1.1015786611046523,0.7021270906519166,-1.4622381885218134,0.2806135961283688,q > 0.25
reactome,UCH Proteinases R-HSA-5689603,-1.2220360708921854,0.462697902943346,-0.958341501188666,0.8518813331328925,-0.9346243301021188,0.7769039463326752,q > 0.25
reactome,Dectin-1 Mediated Noncanonical NF-kB Signaling R-HSA-5607761,-1.2208983931645283,0.46409531213338,-1.0785596897868976,0.7251851748778322,-0.965498365532742,0.7477030303774992,q > 0.25
reactome,Nuclear Envelope Breakdown R-HSA-2980766,-1.220647253224187,0.4632358072906586,-1.0633157235105943,0.7475903434642489,-1.1177584685651218,0.6080354701830438,q > 0.25
reactome,MyD88 Cascade Initiated On Plasma Membrane R-HSA-975871,-1.220381654508106,0.4623903198674855,-1.2730396720354784,0.5212099078688375,-1.138224003080709,0.5995186068950493,q > 0.25
reactome,RHOD GTPase Cycle R-HSA-9013405,-1.219458529245193,0.4632220800749166,-1.16412586796856,0.6427349816664986,-1.238483677192722,0.5413320844289429,q > 0.25
reactome,APC/C:Cdh1 Mediated Degradation Of Cdc20 And APC/C:Cdh1 Targets In Late Mitosis/Early G1 R-HSA-174178,-1.219399125758348,0.4618347505330769,-1.002941713802524,0.8121277000332656,-0.9760483784029516,0.7333112023968772,q > 0.25
reactome,Disorders Of Transmembrane Transporters R-HSA-5619115,-1.218428604509043,0.4627227094451765,-1.1101157520287648,0.6926593340865289,-0.9255911984269704,0.7884173186559293,q > 0.25
reactome,Biosynthesis Of DHA-derived SPMs R-HSA-9018677,-1.2179648353005668,0.4623915386857034,-1.3496970129738628,0.4848500124465973,0.7308614395081168,0.978472583490318,q > 0.25
reactome,mRNA 3-End Processing R-HSA-72187,-1.2150893727593848,0.468191970855657,-0.866249232718234,0.8797815962632057,-1.2145028541602028,0.5531514400306498,q > 0.25
reactome,Peroxisomal Protein Import R-HSA-9033241,1.2142951658994736,1.0,1.3885171215864955,0.9150664423308038,1.0698122276154294,0.7941604660356705,q > 0.25
reactome,Resolution Of AP Sites Via Multiple-Nucleotide Patch Replacement Pathway R-HSA-110373,-1.2128855395044882,0.4722956609735794,-0.8501898923916149,0.8897568331587562,-0.7094651764380113,0.9764164690915352,q > 0.25
reactome,TRAF6 Mediated Induction Of NFkB And MAP Kinases Upon TLR7/8 Or 9 Activation R-HSA-975138,-1.2125051113088647,0.4717661462718345,-1.2664252071848074,0.5070068331386575,-1.1368183317238616,0.5999966210438202,q > 0.25
reactome,N-Glycan Antennae Elongation R-HSA-975577,-1.2120027913545703,0.4714926248104075,-1.3780726396619791,0.451527231136677,1.375277307028577,0.4171577898330093,q > 0.25
reactome,Integration Of Energy Metabolism R-HSA-163685,-1.2114394716663326,0.4714275189853394,-1.0103751105888608,0.8146266185373614,-1.019472021701597,0.7104584671458011,q > 0.25
reactome,Biosynthesis Of Specialized Proresolving Mediators (SPMs) R-HSA-9018678,-1.2113958061021244,0.4700332105444861,-1.3381676863061711,0.4999158731222572,1.2098408738856576,0.6489770351061916,q > 0.25
reactome,HCMV Late Events R-HSA-9610379,-1.211386136111837,0.4685562863697676,-1.284157342186924,0.5180816384151963,-1.159655502572624,0.604768492681932,q > 0.25
reactome,Class C/3 (Metabotropic Glutamate/Pheromone Receptors) R-HSA-420499,1.209416186712462,1.0,-0.7049344474925135,0.9671621098664512,0.9115920726691984,0.8922765510755107,q > 0.25
reactome,Toll Like Receptor 7/8 (TLR7/8) Cascade R-HSA-168181,-1.2093269615946107,0.4722081441007418,-1.27008107602966,0.5274864317924693,-1.1393162165949828,0.5999325857311741,q > 0.25
reactome,Interferon Gamma Signaling R-HSA-877300,1.2091225613602894,1.0,1.2280255822520727,1.0,1.6413574361311178,0.1000724231198936,q > 0.25
reactome,Regulation Of Cholesterol Biosynthesis By SREBP (SREBF) R-HSA-1655829,-1.208719284208576,0.47225031588194,-1.1864499818806846,0.6177506191761698,-1.259113070379628,0.5079258961439003,q > 0.25
reactome,MyD88 Dependent Cascade Initiated On Endosome R-HSA-975155,-1.2084733190573778,0.4713799486458466,-1.2679856364900188,0.5151953367864145,-1.1381605225946545,0.5978969666736356,q > 0.25
reactome,Acyl Chain Remodelling Of PE R-HSA-1482839,1.208196480808002,1.0,1.055362296021937,1.0,1.214853947290583,0.6508413139862654,q > 0.25
reactome,RHO GTPases Activate Formins R-HSA-5663220,-1.208003945332617,0.4710932732505938,-0.9181582937695124,0.8880165087367786,-1.0750342085047773,0.6564132550088414,q > 0.25
reactome,Asparagine N-linked Glycosylation R-HSA-446203,-1.2074853679501851,0.471003474706582,-1.1950901262183171,0.6151909613252959,-1.6940978631592465,0.0859949457415954,q > 0.25
reactome,Formation Of beta-catenin:TCF Transactivating Complex R-HSA-201722,-1.2072839730397684,0.4700395274023263,-1.1819916348290953,0.6269901008740261,0.8498973583740934,0.951018585880822,q > 0.25
reactome,Autodegradation Of E3 Ubiquitin Ligase COP1 R-HSA-349425,-1.2069325966836386,0.4694780867436769,-1.0505539100707295,0.7645430159653546,-0.9374991824900252,0.7747110406815856,q > 0.25
reactome,SUMOylation Of Transcription Factors R-HSA-3232118,1.206597311010965,1.0,1.2431556215364823,1.0,-1.0168978472490393,0.7086066173097668,q > 0.25
reactome,Signaling By NOTCH R-HSA-157118,-1.2061368252471472,0.4700421564691852,-1.1659803837360292,0.6394359965221226,1.044215802984797,0.8255820241388028,q > 0.25
reactome,RHOBTB GTPase Cycle R-HSA-9706574,-1.2053374647380777,0.4706254121265283,-0.9159358587434208,0.8858267274807262,0.8548572692100008,0.9481364837766988,q > 0.25
reactome,FLT3 Signaling In Disease R-HSA-9682385,1.2053350319517653,1.0,1.2491978317919947,1.0,0.9886032427045276,0.8700414310148676,q > 0.25
reactome,Transcriptional Regulation Of Granulopoiesis R-HSA-9616222,1.2050156003378203,1.0,1.1038475701416846,1.0,-0.6913170363241643,0.979305692729004,q > 0.25
reactome,Signaling By Nuclear Receptors R-HSA-9006931,-1.2042397159662792,0.4720081801019209,-1.080062889360282,0.7226219660361807,-1.2151175574482704,0.5559564197536055,q > 0.25
reactome,Asymmetric Localization Of PCP Proteins R-HSA-4608870,-1.2037799219243168,0.4717023379543335,-1.100863283565233,0.7022592415910602,-1.0855803489593563,0.6592903021804011,q > 0.25
reactome,RHOJ GTPase Cycle R-HSA-9013409,-1.2012910307180211,0.4764570228671913,-1.26776455640025,0.51322228576341,-1.1500569026008716,0.5981585395315454,q > 0.25
reactome,Ion Homeostasis R-HSA-5578775,-1.1999391649634048,0.4784259891629807,-1.153317551461681,0.6649585081383447,1.0303717467311335,0.836612161728639,q > 0.25
reactome,G2/M DNA Damage Checkpoint R-HSA-69473,-1.1997857119521975,0.4773787786239344,-0.8903776182916102,0.8760691883054905,0.968250062844876,0.8575423971148045,q > 0.25
reactome,SCF-beta-TrCP Mediated Degradation Of Emi1 R-HSA-174113,-1.1994964616945285,0.4766922940561396,-1.0086615146976396,0.8120659784973122,-0.9984078646863176,0.7188384639291928,q > 0.25
reactome,Organelle Biogenesis And Maintenance R-HSA-1852241,1.1976164184996172,1.0,1.2704464435749967,1.0,-1.1812852051343363,0.5886983613419607,q > 0.25
reactome,EGR2 And SOX10-mediated Initiation Of Schwann Cell Myelination R-HSA-9619665,-1.1971207108792687,0.48123704735275,-1.1458722755797344,0.658394721889559,-0.7744719932532441,0.9487948052538056,q > 0.25
reactome,ECM Proteoglycans R-HSA-3000178,-1.197029319998735,0.4800240694552096,-1.0837240025952366,0.7196644559654817,-1.4912373684040632,0.2577816572977043,q > 0.25
reactome,Signaling By FGFR2 R-HSA-5654738,-1.1965794077404253,0.479692101913076,-0.886077478953249,0.876492354805144,-1.1447569729493048,0.5969518792445506,q > 0.25
reactome,DNA Damage Bypass R-HSA-73893,-1.1954096135494774,0.4811813027990092,-0.7069774237827116,0.9692188324732306,0.9831627645370068,0.859457158272792,q > 0.25
reactome,Deubiquitination R-HSA-5688426,-1.1952832536053029,0.4800805392985139,-0.9478032126118257,0.857594569588633,-0.9099220130142096,0.8074459040272564,q > 0.25
reactome,Cell-cell Junction Organization R-HSA-421270,-1.1952824058618707,0.4786542502786347,-1.1282038541757655,0.6753925300883199,0.905241920222164,0.9078512290249422,q > 0.25
reactome,Diseases Associated With N-glycosylation Of Proteins R-HSA-3781860,1.1950189064891152,1.0,1.198367667701311,1.0,0.6904748729877561,0.9808736885468464,q > 0.25
reactome,PERK Regulates Gene Expression R-HSA-381042,-1.194994048835038,0.4779648289186085,-1.191954177958349,0.620156054504594,-1.0190686717213309,0.710096341172501,q > 0.25
reactome,"Plasma Lipoprotein Assembly, Remodeling, And Clearance R-HSA-174824",1.1940777335698491,1.0,1.0308861566298098,1.0,-0.9499518833499228,0.7606344653948408,q > 0.25
reactome,"Base-Excision Repair, AP Site Formation R-HSA-73929",1.1932634233451471,1.0,1.072457605703884,1.0,-0.642413538507561,0.9871264786359676,q > 0.25
reactome,Stimuli-sensing Channels R-HSA-2672351,1.192835382217726,1.0,1.3871140345668564,0.8883845208254644,1.1709769594832735,0.6979934888581447,q > 0.25
reactome,Sensory Processing Of Sound R-HSA-9659379,-1.1914361032488905,0.4855373195047586,-1.1261004068668163,0.6775747755429106,1.0912071076959302,0.7493517572068584,q > 0.25
reactome,Biosynthesis Of N-glycan Precursor (Dolichol LLO) And Transfer To Protein R-HSA-446193,-1.1907435753306252,0.4858732404203949,-1.187617331375716,0.618967689968212,-1.1503795542859403,0.5991438967240269,q > 0.25
reactome,Synthesis Of Active Ubiquitin: Roles Of E1 And E2 Enzymes R-HSA-8866652,-1.190719762726981,0.4845239594656613,-1.0806817112376337,0.7227562697296095,-1.0602526083745916,0.6763090106945088,q > 0.25
reactome,Striated Muscle Contraction R-HSA-390522,1.190628398537961,0.9960404072355924,1.2558436865770828,1.0,-0.8534528967644969,0.8684404546895426,q > 0.25
reactome,Transcriptional Activation Of Mitochondrial Biogenesis R-HSA-2151201,1.1895949241244022,0.9856578986486652,1.1208066760881965,1.0,-0.9665916116544668,0.747480234827042,q > 0.25
reactome,EPH-Ephrin Signaling R-HSA-2682334,-1.187874622686515,0.4903198795547574,-1.2835395426467222,0.5171423473158817,-1.06508489969013,0.6721692410777936,q > 0.25
reactome,Formation Of Senescence-Associated Heterochromatin Foci (SAHF) R-HSA-2559584,-1.1867478817437336,0.4918331989253824,-1.399107349730956,0.4424465798488468,-1.3379859019605929,0.4323160624660936,q > 0.25
reactome,RNA Polymerase I Promoter Opening R-HSA-73728,1.1863041409796422,0.9873028297445444,1.185741216742043,1.0,0.8834931267714412,0.920551792091753,q > 0.25
reactome,IRS-mediated Signaling R-HSA-112399,1.1838756409668405,0.9844979275556934,0.8637173109354619,1.0,-0.7948591193251475,0.9312441761504676,q > 0.25
reactome,TCF Dependent Signaling In Response To WNT R-HSA-201681,-1.1832980298315476,0.4990835732612079,-1.1672775285029524,0.6376680158181823,-0.9827215514514908,0.7361139665381649,q > 0.25
reactome,Amino Acid Transport Across Plasma Membrane R-HSA-352230,1.1829078085448346,0.9745845733509472,1.244022738444274,1.0,0.9381427505641,0.8661494454693288,q > 0.25
reactome,Synthesis Of PIPs At Early Endosome Membrane R-HSA-1660516,-1.1820117774565082,0.5008927214182015,-1.2941742025405587,0.5256361332570839,-0.8219857711221326,0.9028901954632572,q > 0.25
reactome,ROS And RNS Production In Phagocytes R-HSA-1222556,1.181697917541207,0.9664660175897244,1.4111595712136218,0.8730242665345505,-0.6549169064152334,0.9855557566144788,q > 0.25
reactome,Ub-specific Processing Proteases R-HSA-5689880,-1.1800548172583183,0.5044877666779478,-0.983327371097293,0.8296225964648344,0.8993607374258853,0.9150802236869648,q > 0.25
reactome,Ubiquitin Mediated Degradation Of Phosphorylated Cdc25A R-HSA-69601,-1.1795803765270214,0.5042755439156191,-0.927984853896433,0.8842546261296184,-0.9653938738176616,0.7466195893468555,q > 0.25
reactome,Signaling By Non-Receptor Tyrosine Kinases R-HSA-9006927,-1.1793560331929287,0.5034238850469959,-1.0884583968739705,0.7134408671289688,-0.833264624663298,0.8876660766106567,q > 0.25
reactome,Nephrin Family Interactions R-HSA-373753,-1.1785715094359033,0.504007359492601,-1.3990626045061434,0.4380288251958804,0.827491705667445,0.9780790250816342,q > 0.25
reactome,Canonical Retinoid Cycle In Rods (Twilight Vision) R-HSA-2453902,1.178109239081369,0.970192090237978,0.6577410710067285,1.0,0.6669916454320024,0.9896219963707286,q > 0.25
reactome,Intracellular Signaling By Second Messengers R-HSA-9006925,-1.1771712330015769,0.5060961883788142,-1.14875057656225,0.6630580149277121,-1.3189055923225077,0.4548341055261752,q > 0.25
reactome,Heparan Sulfate/Heparin (HS-GAG) Metabolism R-HSA-1638091,-1.1771374313482863,0.5047341350561946,-1.2913812325645408,0.522188290166352,0.8203397699196459,0.981068949257412,q > 0.25
reactome,Sensory Processing Of Sound By Inner Hair Cells Of Cochlea R-HSA-9662360,-1.1769016062222908,0.5038884608477274,-1.1302033369049067,0.6736110029843,1.137572192472439,0.7232664965320367,q > 0.25
reactome,Regulation Of APC/C Activators Between G1/S And Early Anaphase R-HSA-176408,-1.176827334107072,0.502635112145924,-0.8320170949176223,0.9111006224228808,-1.0928007354897975,0.6501443619462856,q > 0.25
reactome,HATs Acetylate Histones R-HSA-3214847,1.1765838329594915,0.9639113640022572,0.9790719196612572,1.0,-0.8105518891552234,0.90812098657087,q > 0.25
reactome,Toll Like Receptor 4 (TLR4) Cascade R-HSA-166016,-1.1762568514271146,0.502643603072968,-1.2477687763416945,0.5353725569347731,-0.9663537074893028,0.7467601252283362,q > 0.25
reactome,G Beta:Gamma Signaling Thru PI3Kgamma R-HSA-392451,-1.176075060770254,0.5016849241017977,-1.031669548460559,0.7771133047356458,-1.083326188189109,0.653840238898396,q > 0.25
reactome,Metabolism Of Folate And Pterines R-HSA-196757,-1.175896612334236,0.5007284633084212,-1.180477540435768,0.626821358982122,-0.8772340513201644,0.8361283006912478,q > 0.25
reactome,GAG Synthesis Requires Tetrasaccharide Linker Sequence R-HSA-1971475,-1.1742200617807377,0.5035566853591484,-1.2123576283466173,0.5911000848461742,-0.9770338551190164,0.7348014973395975,q > 0.25
reactome,Synthesis Of Leukotrienes (LT) And Eoxins (EX) R-HSA-2142691,-1.1723316162379174,0.5070598241719336,-1.2760325497690794,0.5203773876324733,1.5089626598480808,0.2183885315106775,q > 0.25
reactome,FOXO-mediated Transcription Of Cell Death Genes R-HSA-9614657,-1.1714466002129504,0.5079545531782734,-0.6755863119468334,0.9730836664322484,-0.8868457962894306,0.8283678434919017,q > 0.25
reactome,Cleavage Of Damaged Pyrimidine R-HSA-110329,1.1711475108154965,0.97729572549727,1.1654367784513424,1.0,-0.6334751068861569,0.986677538497619,q > 0.25
reactome,DNA Replication R-HSA-69306,-1.1709348506293822,0.5078308453829137,-0.8046097182721547,0.9226127708382844,-0.9597029332845995,0.753649745869183,q > 0.25
reactome,Post-translational Protein Phosphorylation R-HSA-8957275,-1.1698693210302396,0.5091139286358759,-1.1968822849407237,0.6146463156251948,1.3378936034028284,0.4869748870068622,q > 0.25
reactome,Ion Transport By P-type ATPases R-HSA-936837,-1.1687706965047515,0.5105526597681119,-1.2738029436137912,0.5243903245019877,1.1567653387824244,0.7008407915527034,q > 0.25
reactome,Regulation Of RUNX2 Expression And Activity R-HSA-8939902,-1.16634220239491,0.5152108498154283,-1.0624671460281745,0.7481182397812929,-0.8459216251579365,0.8722306758547559,q > 0.25
reactome,APC/C:Cdc20 Mediated Degradation Of Securin R-HSA-174154,-1.1662928530346992,0.513923047140663,-0.9882757188345777,0.8296686423433817,-1.038896223150562,0.7030900024222291,q > 0.25
reactome,Translesion Synthesis By REV1 R-HSA-110312,-1.165213557743454,0.5152823863873303,-0.7430562660902141,0.9503600092352243,1.022065154825661,0.8294175740952331,q > 0.25
reactome,Insulin Receptor Recycling R-HSA-77387,1.1639187980607877,0.999805712791522,1.4202161035346523,0.8497961748446244,-0.6769896929159758,0.982507161496942,q > 0.25
reactome,Gap Junction Trafficking R-HSA-190828,1.163198905711948,0.989713994224868,0.961449891364922,1.0,-1.2010360278206529,0.5586855751379576,q > 0.25
reactome,Translesion Synthesis By POLH R-HSA-110320,-1.1622819697992322,0.5213752340222046,-0.6309531258602343,0.9823787869265788,-0.7817395711912365,0.9413156949480904,q > 0.25
reactome,PI3K Cascade R-HSA-109704,1.1615620016174468,0.98441397682278,0.8432559571731687,1.0,-0.8767243778703495,0.836074064077362,q > 0.25
reactome,Switching Of Origins To A Post-Replicative State R-HSA-69052,-1.1608340197858618,0.5236738405399097,-0.9055198938921296,0.8766266102614877,-1.0565070291315013,0.680712413586658,q > 0.25
reactome,Toll Like Receptor 9 (TLR9) Cascade R-HSA-168138,-1.16062164717455,0.5228065009254331,-1.2207380775739114,0.582806592858448,-1.1348124563977875,0.5968580580587496,q > 0.25
reactome,Negative Regulation Of NOTCH4 Signaling R-HSA-9604323,-1.1603731310555014,0.5220336841244717,-0.99438598077312,0.8171485263831643,-0.8953968917553944,0.8165405091960133,q > 0.25
reactome,TP53 Regulates Transcription Of Cell Death Genes R-HSA-5633008,-1.1602205353960209,0.521036166098304,-1.1705847817609834,0.6343697748274733,-1.0243840331187426,0.7150032915378941,q > 0.25
reactome,Insertion Of Tail-Anchored Proteins Into Endoplasmic Reticulum Membrane R-HSA-9609523,-1.1590558841383842,0.5225977776568435,-1.0441989205726152,0.7742588520219614,-0.7036493125642423,0.9762774823041038,q > 0.25
reactome,Collagen Formation R-HSA-1474290,-1.1581265346945426,0.5235951551082045,-1.2291402028478668,0.5695077911699165,0.9526143392044508,0.8706436612531878,q > 0.25
reactome,Vif-mediated Degradation Of APOBEC3G R-HSA-180585,-1.1576628213950917,0.5233874057827951,-0.97056053917091,0.8415716078996934,-0.9942339161899846,0.7217560768152035,q > 0.25
reactome,FCERI Mediated MAPK Activation R-HSA-2871796,-1.1564873693848885,0.5249771070207834,-1.17537884047142,0.633425869860172,-0.9188928822021772,0.7991224803457074,q > 0.25
reactome,Aggrephagy R-HSA-9646399,1.1556697990475695,1.0,1.0119023683065376,1.0,-1.1976431264765792,0.5626547861760726,q > 0.25
reactome,Signaling By Hippo R-HSA-2028269,-1.1555197822450467,0.5259669198308056,-0.979010067459384,0.8295727891710444,0.7421475347776407,0.979656601892848,q > 0.25
reactome,APC:Cdc20 Mediated Degradation Of Cell Cycle Proteins Before Cycle Checkpoint Satisfied R-HSA-179419,-1.1549665364646864,0.5259691897109094,-0.8163795483861506,0.9220054568646756,-1.092751064121543,0.6485555474447547,q > 0.25
reactome,Gastrulation R-HSA-9758941,-1.154681765945304,0.5253200994562308,-1.1868154907619706,0.6190882745401454,0.7736062731248601,0.9712884443306076,q > 0.25
reactome,RHOB GTPase Cycle R-HSA-9013026,-1.1546668757650689,0.5239663889508756,-1.229875136336943,0.572371968244357,-1.0883738745904432,0.6562188699450782,q > 0.25
reactome,Cdc20:Phospho-APC/C Mediated Degradation Of Cyclin A R-HSA-174184,-1.1543797534375206,0.5233282733255317,-0.8381900551064096,0.9062674727618224,-1.10430816828221,0.6301045857027038,q > 0.25
reactome,HS-GAG Degradation R-HSA-2024096,-1.1533761328347998,0.5245180679493459,-1.2892633495836934,0.5197660728129857,-0.95110305822494,0.7616183117606588,q > 0.25
reactome,Synthesis Of PIPs At Plasma Membrane R-HSA-1660499,1.1512071039549987,1.0,0.9355586627053176,1.0,-0.8496804206593188,0.8717397348378068,q > 0.25
reactome,PCP/CE Pathway R-HSA-4086400,-1.1503186968803234,0.5312173201046781,-1.115963543527269,0.6789967951714385,-1.1670003986488329,0.5986567235521157,q > 0.25
reactome,Role Of GTSE1 In G2/M Progression After G2 Checkpoint R-HSA-8852276,-1.1496389993395504,0.5316009437864561,-0.792616034405194,0.9291304949110984,-0.8637824161025422,0.8562818756154034,q > 0.25
reactome,Cell Cycle Checkpoints R-HSA-69620,-1.1493859571165013,0.5308851906682117,0.8342095057944195,1.0,-1.0399462960310202,0.7032803945835817,q > 0.25
reactome,PTEN Regulation R-HSA-6807070,-1.149346997342619,0.5296037975367119,-1.0702650653130723,0.7385866093782185,-1.2091415593131236,0.5604519163992374,q > 0.25
reactome,Telomere C-strand (Lagging Strand) Synthesis R-HSA-174417,-1.149341920592957,0.5282400688981622,-0.6988094535013791,0.9660195487545938,-0.7861282111046578,0.9381672400922116,q > 0.25
reactome,APC/C:Cdc20 Mediated Degradation Of Mitotic Proteins R-HSA-176409,-1.1489551452153994,0.5278702570254239,-0.8129880227002839,0.9203937567979726,-1.048044510784214,0.6958326306243017,q > 0.25
reactome,Metabolism Of Fat-Soluble Vitamins R-HSA-6806667,-1.1484662634837175,0.5278075233956893,-1.1910375878389623,0.6180753133514987,1.3231473612169105,0.4956611378657808,q > 0.25
reactome,Regulation Of NF-kappa B Signaling R-HSA-9758274,-1.1481296079458696,0.5272721305554515,-1.1208385628583175,0.6725394861354266,0.8102095841181556,0.9772942099775564,q > 0.25
reactome,Regulation Of TP53 Degradation R-HSA-6804757,-1.1480667868358296,0.5260886373471484,-0.8755051871758828,0.877805588430475,-1.1330473279744075,0.5967077563950643,q > 0.25
reactome,Metabolism Of Vitamins And Cofactors R-HSA-196854,-1.1476821753929372,0.5257354204386919,-1.1798359420262774,0.626477246905976,1.1677853292299425,0.6913858133766858,q > 0.25
reactome,Signaling By ERBB2 R-HSA-1227986,-1.1471635579719544,0.525704878897508,-1.1465173490725822,0.6585639006742176,-1.0082276306781126,0.7148482420927841,q > 0.25
reactome,Degradation Of DVL R-HSA-4641258,-1.146215857270583,0.5268593042655829,-0.8975072879761947,0.8789215434824925,-0.9418771769117004,0.7658497201984433,q > 0.25
reactome,PIP3 Activates AKT Signaling R-HSA-1257604,-1.146047208312794,0.5259555635967643,-1.1236154602809705,0.6745968131235037,-1.3380792441908589,0.4351208871108677,q > 0.25
reactome,Lagging Strand Synthesis R-HSA-69186,-1.1460000106392996,0.5247315385413323,-0.7898578823107532,0.9270352413264432,0.775405974842288,0.9742076878185828,q > 0.25
reactome,Retrograde Transport At Trans-Golgi-Network R-HSA-6811440,1.1459707538172454,1.0,1.0639586151796194,0.989540240549803,-1.3252652758324708,0.4473729813115561,q > 0.25
reactome,Defects Of Contact Activation System (CAS) And Kallikrein/Kinin System (KKS) R-HSA-9651496,1.1438372826726515,1.0,1.181067026738147,1.0,-1.121169584237459,0.6068562727752569,q > 0.25
reactome,Resolution Of Abasic Sites (AP Sites) R-HSA-73933,-1.1426759777542808,0.5317879854345383,-0.8186235726655222,0.9203455511418972,-0.6475026847856612,0.9862871365699962,q > 0.25
reactome,Neuronal System R-HSA-112316,-1.1418579670622413,0.5325012600899691,-1.1712138042891074,0.6347356207910824,-0.8334733353372171,0.8885137006528062,q > 0.25
reactome,Activation Of APC/C And APC/C:Cdc20 Mediated Degradation Of Mitotic Proteins R-HSA-176814,-1.1408686697762025,0.5336524797515332,-0.7989077470673077,0.9248274809487264,-1.0394426644843542,0.7031111512830703,q > 0.25
reactome,Signaling By BMP R-HSA-201451,-1.1406019743292355,0.5329486412275446,-1.2333964425967208,0.566664598920513,0.997740705475752,0.8602853121985563,q > 0.25
reactome,Negative Regulation Of FLT3 R-HSA-9706369,-1.1397921204418873,0.5336621400908071,-1.2504862375892491,0.5321470882662561,1.1566038324571,0.695660952031275,q > 0.25
reactome,Nicotinate Metabolism R-HSA-196807,-1.1386510204907,0.5351763055523244,-1.214015542166648,0.5910341521640028,1.0411191134980573,0.8272180069076567,q > 0.25
reactome,Orc1 Removal From Chromatin R-HSA-68949,-1.1383152418928335,0.5346744943592825,-0.8990283028190876,0.8796143379934711,-1.0029861828343252,0.7177895854982702,q > 0.25
reactome,CDK-mediated Phosphorylation And Removal Of Cdc6 R-HSA-69017,-1.1379169293147675,0.5343583376202078,-0.9541600122503192,0.8481018277869686,-1.0459591933379817,0.6970529332986737,q > 0.25
reactome,Triglyceride Metabolism R-HSA-8979227,-1.1377472557169266,0.5334535050108146,-1.102875948327907,0.7002076267165535,1.1497035614728304,0.6919636388523137,q > 0.25
reactome,Regulation Of TP53 Expression And Degradation R-HSA-6806003,-1.1377031928886203,0.5322552661421507,-0.8798108725659884,0.8758731018770533,-1.0781535427387552,0.6556389611659573,q > 0.25
reactome,Translesion Synthesis By POLI R-HSA-5656121,-1.1362530164506313,0.5346323676478135,-0.7589108992420649,0.9401971016359368,1.1099772381704072,0.7496656270536125,q > 0.25
reactome,Nicotinamide Salvaging R-HSA-197264,-1.1352155113566562,0.5359591944021479,-1.2635847805410236,0.5128607835407296,1.223095533318598,0.6354343701016091,q > 0.25
reactome,Growth Hormone Receptor Signaling R-HSA-982772,1.13406288229885,1.0,1.2054796038568087,1.0,1.5818582412567628,0.1422995287375126,q > 0.25
reactome,Autodegradation Of Cdh1 By Cdh1:APC/C R-HSA-174084,-1.133604567926396,0.5387802268796831,-0.9433042216108672,0.8651036779381753,-1.0011886746391578,0.7168921048320657,q > 0.25
reactome,Cross-presentation Of Soluble Exogenous Antigens (Endosomes) R-HSA-1236978,-1.13211784476105,0.5412244113943591,-1.036259469830022,0.7806960096134079,-1.0166585943008166,0.707765855777203,q > 0.25
reactome,Toll-like Receptor Cascades R-HSA-168898,-1.1319746429431417,0.5402807470088816,-1.257749875431173,0.5252739506747172,-0.943443082031251,0.7644001319032435,q > 0.25
reactome,DDX58/IFIH1-mediated Induction Of Interferon-Alpha/Beta R-HSA-168928,-1.1317187752449538,0.5395930940363323,-0.9233461980199488,0.890511799216845,1.299268065246845,0.5154989380308789,q > 0.25
reactome,Cilium Assembly R-HSA-5617833,1.130964614196967,1.0,1.2475011100537063,1.0,-1.1804090829577312,0.5849255155243539,q > 0.25
reactome,Glycogen Storage Diseases R-HSA-3229121,1.13085620981366,1.0,1.1184208476328212,1.0,1.4173414468497831,0.3569440763392714,q > 0.25
reactome,Mitochondrial Biogenesis R-HSA-1592230,1.1292988959529835,1.0,1.0732560540539215,1.0,-0.951095802749003,0.7602863818740002,q > 0.25
reactome,P75 NTR Receptor-Mediated Signaling R-HSA-193704,1.1287623284391155,1.0,1.1542201740709428,1.0,-1.1933803338866436,0.5668566328486829,q > 0.25
reactome,Chromatin Modifying Enzymes R-HSA-3247509,1.1281237854902433,1.0,1.1499331878979098,1.0,-1.016978540321383,0.7098872755125154,q > 0.25
reactome,Cytosolic Sulfonation Of Small Molecules R-HSA-156584,1.128027584037966,1.0,1.089543610964452,1.0,1.2033508912613993,0.6521694185693128,q > 0.25
reactome,MyD88:MAL(TIRAP) Cascade Initiated On Plasma Membrane R-HSA-166058,-1.1279100781472724,0.547991438952681,-1.168233515991577,0.6393095843764977,-1.0138175076950615,0.7082904063263121,q > 0.25
reactome,PLC Beta Mediated Events R-HSA-112043,-1.1248634903614312,0.5545124770241668,-1.0439510109718333,0.7710115530332019,0.9381465490498638,0.8696145869388607,q > 0.25
reactome,"Tristetraprolin (TTP, ZFP36) Binds And Destabilizes mRNA R-HSA-450513",-1.1239875324105904,0.5554503793697395,-0.9572809941454952,0.8514405713202262,-0.9999459403600516,0.716027628853657,q > 0.25
reactome,Regulation Of IGF Transport And Uptake By IGFBPs R-HSA-381426,-1.1239252764629328,0.5542778215601368,-1.189903057472847,0.6167188144923033,1.365752107647377,0.4230604502760091,q > 0.25
reactome,NOTCH3 Activation And Transmission Of Signal To Nucleus R-HSA-9013507,-1.1237942119614155,0.5532644479583874,0.6012969877981467,0.9967503242486913,-0.7055241794308225,0.9759826554164586,q > 0.25
reactome,Retinoid Metabolism And Transport R-HSA-975634,-1.1233557529410076,0.5530332781515096,-1.1909301659283713,0.6159342017672907,1.374614017466129,0.4116212939519285,q > 0.25
reactome,Aspirin ADME R-HSA-9749641,1.122351537100361,1.0,1.4999177146453933,0.8810575833533634,1.4531831344465973,0.286589220185011,q > 0.25
reactome,Metabolic Disorders Of Biological Oxidation Enzymes R-HSA-5579029,1.121781058845027,1.0,1.2308802792380624,1.0,1.4025921049183558,0.3677978719549838,q > 0.25
reactome,Signaling By FGFR3 R-HSA-5654741,-1.121750611279862,0.555814035841348,-1.0956053746692969,0.6997740537153997,-0.9832408307683942,0.7375357340540925,q > 0.25
reactome,VEGFR2 Mediated Vascular Permeability R-HSA-5218920,-1.1213549741769953,0.5555155397532837,-1.2451180041597094,0.5358769338012955,-0.8643291275900803,0.8563132160461702,q > 0.25
reactome,Other Interleukin Signaling R-HSA-449836,-1.1207868644940422,0.5556117760678039,-1.0478795885418095,0.7689093537650957,1.13746433432031,0.7181137716477125,q > 0.25
reactome,PCNA-Dependent Long Patch Base Excision Repair R-HSA-5651801,-1.1194558954372875,0.557735449031764,-0.875316911136901,0.8768040421965297,-0.8416969858300909,0.8788164613086029,q > 0.25
reactome,Activation Of BAD And Translocation To Mitochondria R-HSA-111447,-1.1186799709722486,0.5584332654235213,-0.7873836555176557,0.9245803774997332,0.6964940769507113,0.9792403598220574,q > 0.25
reactome,Neutrophil Degranulation R-HSA-6798695,-1.1178082285138422,0.5593780366660873,-1.0079783355252736,0.8121874601324887,-1.1009024907264142,0.6366921910915132,q > 0.25
reactome,Degradation Of AXIN R-HSA-4641257,-1.116981962553398,0.5601971734635416,-1.016258105387012,0.8045625553987066,-1.1526154380283489,0.6042233726677922,q > 0.25
reactome,HCMV Infection R-HSA-9609646,-1.1166670162648815,0.5596928793925063,-0.912424166579937,0.8821954938084718,-1.1556593945731082,0.6049129289418568,q > 0.25
reactome,RHOG GTPase Cycle R-HSA-9013408,-1.1156864853413369,0.5608118711663456,-1.089454753810522,0.7145310989003766,-1.2214453362865594,0.5501415046534588,q > 0.25
reactome,ERK/MAPK Targets R-HSA-198753,-1.1151998891733528,0.5607292272813527,-1.2665369873012944,0.509248231878586,-1.0803082204823182,0.6526857836418631,q > 0.25
reactome,Activation Of NF-kappaB In B Cells R-HSA-1169091,-1.1151667873364255,0.559502478597263,-0.9658638434458444,0.8497786652593805,-1.0065318678165165,0.7122621167937343,q > 0.25
reactome,Estrogen-dependent Nuclear Events Downstream Of ESR-membrane Signaling R-HSA-9634638,-1.1145569627631713,0.559756702834862,-1.1963350793247194,0.6137803851785947,-1.3377402480362854,0.4269389625054099,q > 0.25
reactome,G-protein Mediated Events R-HSA-112040,-1.1126312501868645,0.5633222346221529,-1.0219964313932368,0.7966750182760683,0.8917778113676439,0.9136013892258568,q > 0.25
reactome,Signaling By WNT In Cancer R-HSA-4791275,-1.1126140454096594,0.5620591715850004,-1.2066357359859827,0.5989436632459019,-1.0837286492160545,0.6543163530466376,q > 0.25
reactome,Glycogen Metabolism R-HSA-8982491,-1.1126099063453625,0.5607605972108091,-1.1469618126354184,0.6594592163256077,0.8346622516639511,0.9683549267108568,q > 0.25
reactome,Cell Recruitment (Pro-Inflammatory Response) R-HSA-9664424,1.1125250902951769,1.0,1.1077909652788471,1.0,0.924457970980158,0.8910966925149191,q > 0.25
reactome,Chaperonin-mediated Protein Folding R-HSA-390466,-1.1124548615296197,0.5598475237002684,-0.8087356874810301,0.9244425058152648,-1.063573246148112,0.6732004926583867,q > 0.25
reactome,Gene And Protein Expression By JAK-STAT Signaling After Interleukin-12 Stimulation R-HSA-8950505,-1.1122572566084383,0.5590498370001514,-0.8186565773170364,0.9216679242139164,-1.0289232471507497,0.708221738956724,q > 0.25
reactome,Programmed Cell Death R-HSA-5357801,-1.1118348269202454,0.5588227442878658,-0.8675595734464366,0.8823813942650477,1.0308996328144453,0.8393943574654004,q > 0.25
reactome,Nucleotide-like (Purinergic) Receptors R-HSA-418038,-1.1117062592904583,0.5578644728964661,-0.8949091197037781,0.8764683066163871,0.7300697950038323,0.9765701367128172,q > 0.25
reactome,Constitutive Signaling By NOTCH1 HD+PEST Domain Mutants R-HSA-2894862,-1.1113674193867922,0.5574365975279126,-1.150647311723635,0.6640296699969724,-0.8139396346613913,0.906843686030667,q > 0.25
reactome,Heme Signaling R-HSA-9707616,1.1111861236568106,1.0,1.0841878814731687,1.0,1.2093730120686168,0.6441677968874511,q > 0.25
reactome,Signaling By Insulin Receptor R-HSA-74752,1.1103296281882955,1.0,1.074295498459696,1.0,-1.087679490658127,0.6565141733173052,q > 0.25
reactome,Metabolism Of Polyamines R-HSA-351202,-1.1098530861195066,0.5600511913960693,-1.0337204046475632,0.7767425621246209,-1.2245399856497297,0.5479483136453923,q > 0.25
reactome,Diseases Of Glycosylation R-HSA-3781865,-1.109440232389442,0.559841338670111,-1.0676790875859892,0.7403158845128349,0.9613035779679568,0.8649658544231489,q > 0.25
reactome,Vpu Mediated Degradation Of CD4 R-HSA-180534,-1.1092817839299678,0.5589849416388148,-0.9844188295169908,0.8319109834452871,-1.0303421304042957,0.7056301469211868,q > 0.25
reactome,Deposition Of New CENPA-containing Nucleosomes At Centromere R-HSA-606279,1.108978939751899,1.0,1.4555813528052155,0.9504548083856532,0.7605238124942449,0.9621088778127586,q > 0.25
reactome,Processing Of Intronless Pre-mRNAs R-HSA-77595,-1.106339599207974,0.5652374627504327,-0.9245118100409052,0.8888440773571804,-0.694429980476711,0.9783416981030184,q > 0.25
reactome,Interferon Signaling R-HSA-913531,-1.105398279791986,0.5663583738470174,-1.117419763001365,0.6766932687455848,1.5296319735663717,0.2084139691519461,q > 0.25
reactome,Beta-catenin Phosphorylation Cascade R-HSA-196299,-1.1045373074858431,0.5672724327277338,-1.1719579611144193,0.637080414291904,-1.4028071290194573,0.3590890150159904,q > 0.25
reactome,Mitochondrial Fatty Acid Beta-Oxidation R-HSA-77289,1.1041367939358275,1.0,1.08514120728653,1.0,0.873844097539456,0.934055110601754,q > 0.25
reactome,Signaling By NOTCH4 R-HSA-9013694,-1.103819010640916,0.567772062101103,-1.0855382292790106,0.7182795417465604,-0.9779670515655032,0.7336632605362724,q > 0.25
reactome,Interleukin-1 Signaling R-HSA-9020702,-1.1020652459994014,0.5709354245671656,-0.953599121081782,0.8479816219193578,-0.9685854423765332,0.746269717781987,q > 0.25
reactome,Transport To Golgi And Subsequent Modification R-HSA-948021,-1.1020599808943128,0.5696622581247335,-1.1310059358699065,0.6755547288605175,-1.609616381389332,0.176054156735011,q > 0.25
reactome,G Beta:Gamma Signaling Thru PLC Beta R-HSA-418217,-1.1013683573075723,0.5701531488160417,-0.9132259368792388,0.8832858260480159,-1.2791059669129243,0.4829068714643889,q > 0.25
reactome,Role Of Phospholipids In Phagocytosis R-HSA-2029485,-1.1007249712441862,0.5705854696334733,-0.9306631404582756,0.8800939350437317,-0.927355033378584,0.786498825866954,q > 0.25
reactome,Signaling By ROBO Receptors R-HSA-376176,-1.1002241678221247,0.5706196311152775,-0.9658500945456135,0.8480205897680189,-1.2018335536583984,0.560640780358545,q > 0.25
reactome,RAC3 GTPase Cycle R-HSA-9013423,-1.0995690002833565,0.5710584385826227,-1.1256614985571936,0.6724770052984808,-1.3692152093560348,0.4111845337162667,q > 0.25
reactome,Signaling By PDGF R-HSA-186797,-1.0993840437922788,0.5702477406331407,-1.1260201060174444,0.6734983091354253,0.8666468357893017,0.9402569543771044,q > 0.25
reactome,Negative Regulation Of TCF-dependent Signaling By WNT Ligand Antagonists R-HSA-3772470,1.0977908710733164,1.0,1.1776468474850468,1.0,0.7446978301324308,0.9794135803416264,q > 0.25
reactome,S Phase R-HSA-69242,-1.097617297312464,0.5734813109864745,-0.971556772847016,0.8440580269701597,-1.1333531024193049,0.5975756334498601,q > 0.25
reactome,DNA Replication Pre-Initiation R-HSA-69002,-1.0969779082467963,0.5738463420646206,-0.7914165642578448,0.9257557522860228,-1.0066115574658814,0.7135048801112392,q > 0.25
reactome,RHO GTPase Cycle R-HSA-9012999,-1.094684454765216,0.5784206532673856,-1.0356941723571933,0.7804421910248076,-1.1719321240328104,0.5940690320110373,q > 0.25
reactome,PI3K Events In ERBB2 Signaling R-HSA-1963642,1.0946614907338252,1.0,1.0797427014915564,1.0,-1.0941193637640196,0.6479026771342745,q > 0.25
reactome,Recycling Pathway Of L1 R-HSA-437239,-1.0944839743228696,0.5776295457872321,-0.9411328697821963,0.8626155615305631,-0.920813120047762,0.7968622088531174,q > 0.25
reactome,Generation Of Second Messenger Molecules R-HSA-202433,1.0941487635042637,1.0,1.276927262650844,1.0,1.0040230406882515,0.8518218354886059,q > 0.25
reactome,Metalloprotease DUBs R-HSA-5689901,-1.0936551763694633,0.5784266522114196,-1.0739171931316698,0.7314384331762473,-0.7205170640867308,0.9777948973069108,q > 0.25
reactome,Class I Peroxisomal Membrane Protein Import R-HSA-9603798,1.0929638276179268,1.0,1.291744190701987,1.0,1.0236861393044585,0.8371173933409334,q > 0.25
reactome,Protein Folding R-HSA-391251,-1.0914730537323711,0.582773867629853,-0.7672838561078761,0.9361398386411984,-1.0765135779438668,0.6553765594224977,q > 0.25
reactome,GSK3B And BTRC:CUL1-mediated-degradation Of NFE2L2 R-HSA-9762114,-1.0912679057384167,0.5819889491926518,-0.9570307892262064,0.850420109595255,-0.8453022529865658,0.8723184610387218,q > 0.25
reactome,Defensins R-HSA-1461973,1.0902770380532738,1.0,0.7438245426716195,1.0,-0.9941178032979064,0.7206718498998528,q > 0.25
reactome,Transport Of Inorganic Cations/Anions And Amino Acids/Oligopeptides R-HSA-425393,-1.0900166727248182,0.5839172594766243,-0.9151296568051616,0.8847146278323758,-0.9574038991297232,0.7557059921585702,q > 0.25
reactome,Presynaptic Function Of Kainate Receptors R-HSA-500657,-1.0897101898694097,0.5834447360814355,-0.8993012713952006,0.8804706661286745,-1.284508438439564,0.4795481740337354,q > 0.25
reactome,DAP12 Interactions R-HSA-2172127,1.0885632953407172,1.0,0.9246517705297916,1.0,0.9639457646797122,0.8676835059696988,q > 0.25
reactome,Interaction Between L1 And Ankyrins R-HSA-445095,-1.0873660614007534,0.5882182362183213,-1.0515638675094965,0.7634749218765658,1.645384538366294,0.1005550960957814,q > 0.25
reactome,Transcription Of E2F Targets Under Negative Control By P107 (RBL1) And P130 (RBL2) In Complex With HDAC1 R-HSA-1362300,1.0867538735423043,1.0,0.9936756736586372,1.0,-0.7155454707123408,0.9747596628962332,q > 0.25
reactome,NLRP3 Inflammasome R-HSA-844456,1.085744101746473,1.0,1.2392537704245707,1.0,0.808286582200798,0.978048317888836,q > 0.25
reactome,G Alpha (12/13) Signaling Events R-HSA-416482,1.0854420801973348,1.0,1.0731108708708883,1.0,-1.1464770851273751,0.5973526736256373,q > 0.25
reactome,Common Pathway Of Fibrin Clot Formation R-HSA-140875,-1.085206565770653,0.5924834035114525,-0.8459187109391844,0.893729355620047,1.1665350889055277,0.6839865630601096,q > 0.25
reactome,Ion Channel Transport R-HSA-983712,1.0850725803386423,1.0,1.2356604776672648,1.0,1.2609889520501474,0.5658532284786457,q > 0.25
reactome,CTNNB1 S33 Mutants Not Phosphorylated R-HSA-5358747,-1.0840243859268537,0.5942453791529688,-1.1556170210129508,0.6601070711213983,-1.3802574376687944,0.3945173669856046,q > 0.25
reactome,Citric Acid Cycle (TCA Cycle) R-HSA-71403,1.0829969870442355,1.0,1.079914518324958,1.0,0.7689766471222766,0.9697343714268196,q > 0.25
reactome,G Beta:Gamma Signaling Thru CDC42 R-HSA-8964616,-1.0818962392606746,0.5984668083472943,-1.0347697923905534,0.7813336200293693,-1.3585576507884218,0.4167268454261993,q > 0.25
reactome,TNFs Bind Their Physiological Receptors R-HSA-5669034,1.0776949298404277,1.0,1.140991450572076,1.0,0.7733198062022638,0.968927500481758,q > 0.25
reactome,ER To Golgi Anterograde Transport R-HSA-199977,-1.0774531436633965,0.6087313439170896,-1.0900104137589564,0.7149472941519993,-1.7698506313061992,0.0450952097783316,q > 0.25
reactome,Plasma Lipoprotein Clearance R-HSA-8964043,1.0773819634806026,1.0,1.0780207726120747,1.0,-1.1338562748094438,0.5978535582343958,q > 0.25
reactome,G1/S Transition R-HSA-69206,-1.0771287755161576,0.6082668515363616,-0.8710751977444776,0.8797826792276712,-1.1460340851834367,0.5968088010498998,q > 0.25
reactome,RAF-independent MAPK1/3 Activation R-HSA-112409,-1.0766822544396384,0.6081433284199624,-1.2100442809339151,0.593285618050816,-0.9719651802673914,0.7399381221656185,q > 0.25
reactome,Glycosphingolipid Metabolism R-HSA-1660662,-1.0762458417466596,0.6079742663648275,-0.8315497120753793,0.9107045623352468,-0.7744718042985294,0.9474825026185998,q > 0.25
reactome,Estrogen-dependent Gene Expression R-HSA-9018519,-1.0755931864255923,0.608437416908311,-0.9181253740578332,0.8864267122481245,-1.3802205917889805,0.3911389669767704,q > 0.25
reactome,Fanconi Anemia Pathway R-HSA-6783310,-1.0744251709901522,0.6102928617586642,-0.8665107059847371,0.8805730377285509,-0.7070911730240291,0.97720710052886,q > 0.25
reactome,Translesion Synthesis By Y Family DNA Polymerases Bypasses Lesions On DNA Template R-HSA-110313,-1.071943553117537,0.6154867435234316,0.7744782725933624,1.0,1.130175235047037,0.7164276763825027,q > 0.25
reactome,Activation Of Pre-Replicative Complex R-HSA-68962,-1.0714232387821,0.61553007798514,-0.6421163721684469,0.9801906916846586,-0.8833466458006572,0.8278041284626985,q > 0.25
reactome,Binding And Uptake Of Ligands By Scavenger Receptors R-HSA-2173782,1.0707380172895629,1.0,-0.8556648180964256,0.8858745645500637,1.3414757621203126,0.4833520174723714,q > 0.25
reactome,Transcriptional Regulation By MECP2 R-HSA-8986944,1.0706696258293062,1.0,1.0640618897945764,0.9961917188672674,-1.3525014394981076,0.4256849487380751,q > 0.25
reactome,Mitotic G1 Phase And G1/S Transition R-HSA-453279,-1.0701961934843898,0.6174108231206861,-0.8145445158640872,0.9187165004822574,-0.9486155572668244,0.760174487183174,q > 0.25
reactome,Mitotic G2-G2/M Phases R-HSA-453274,-1.069423722675002,0.6181177861793906,0.8528005586713605,1.0,-1.1772899843682556,0.5902413251628598,q > 0.25
reactome,HDR Thru Single Strand Annealing (SSA) R-HSA-5685938,-1.06935954728365,0.6169716303936245,-1.0044140472501888,0.8171513930554147,0.94246822156336,0.8738329282648574,q > 0.25
reactome,Endosomal Sorting Complex Required For Transport (ESCRT) R-HSA-917729,-1.0691704658607026,0.6161789364059487,-0.7018687677518732,0.967243663347097,-1.1520120228161188,0.6001156803491114,q > 0.25
reactome,Regulation Of Activated PAK-2p34 By Proteasome Mediated Degradation R-HSA-211733,-1.0691111834786764,0.6150357414607749,-0.8643227921312163,0.8829161959856198,-0.939835043037504,0.7699337435142242,q > 0.25
reactome,Dual Incision In GG-NER R-HSA-5696400,-1.0667688151905252,0.6198685170583108,-0.909257626950892,0.8761988276681493,-0.778771817936357,0.94345705080813,q > 0.25
reactome,Protein-protein Interactions At Synapses R-HSA-6794362,-1.066226883411123,0.6200027023382901,-1.2305595482176364,0.5729257337663146,0.8935117959944985,0.9186559268769132,q > 0.25
reactome,Gene Silencing By RNA R-HSA-211000,-1.0659061795495215,0.6195583727639086,-1.1339177811031045,0.6754228323215878,-1.4106498163559926,0.3430421112087441,q > 0.25
reactome,Gap-filling DNA Repair Synthesis And Ligation In GG-NER R-HSA-5696397,-1.0657840554468507,0.6185833806525787,0.6816323351392848,1.0,0.8230747878114464,0.984694327956218,q > 0.25
reactome,Transcriptional Regulation By VENTX R-HSA-8853884,-1.0648525343270216,0.6196874741409649,-0.9676399208186032,0.848284096005706,-1.126047354686517,0.60129609625296,q > 0.25
reactome,FCERI Mediated NF-kB Activation R-HSA-2871837,-1.0648194684286727,0.6184837092752175,-0.9768831618109358,0.8302682470829373,-1.0041836676549172,0.7159239281220048,q > 0.25
reactome,Post-translational Modification: Synthesis Of GPI-anchored Proteins R-HSA-163125,1.0647389649509618,1.0,0.8797599556630188,1.0,-0.8959523914486239,0.8164408400745103,q > 0.25
reactome,Deadenylation-dependent mRNA Decay R-HSA-429914,-1.06237603429721,0.6236230724210127,-0.9810990537433274,0.8326315125537124,-0.9030651884827484,0.8091392645776742,q > 0.25
reactome,mRNA Decay By 5 To 3 Exoribonuclease R-HSA-430039,1.0622013993591917,1.0,1.1126488404262496,1.0,0.7886301999032884,0.975709222806102,q > 0.25
reactome,Regulation Of Ornithine Decarboxylase (ODC) R-HSA-350562,-1.058520014101655,0.6325361609846286,-0.8893093210159015,0.8757577413583103,-1.000838531116414,0.7164240156479048,q > 0.25
reactome,RAF Activation R-HSA-5673000,-1.0582119074536298,0.6320259210274032,-1.0859577039193269,0.7190182896073165,-1.19898967946231,0.5607478468699859,q > 0.25
reactome,Oncogene Induced Senescence R-HSA-2559585,1.058067131571791,1.0,1.1441294023903723,1.0,0.8898173313640474,0.9158264372468846,q > 0.25
reactome,ERCC6 (CSB) And EHMT2 (G9a) Positively Regulate rRNA Expression R-HSA-427389,1.0580591399171797,1.0,1.2118991326158832,1.0,-0.6545529451221095,0.984468642909016,q > 0.25
reactome,Separation Of Sister Chromatids R-HSA-2467813,-1.0578948761258302,0.6315137081763014,0.8457546276250676,1.0,-1.2257981911429354,0.548936993449169,q > 0.25
reactome,Apoptotic Cleavage Of Cellular Proteins R-HSA-111465,-1.0573109607517284,0.6317342052369327,0.880922867787923,1.0,-0.7351223550586277,0.9717163073675552,q > 0.25
reactome,DAP12 Signaling R-HSA-2424491,1.057290215984211,1.0,0.9172171700727836,1.0,0.9536549882243572,0.8709564812559207,q > 0.25
reactome,Transferrin Endocytosis And Recycling R-HSA-917977,1.057220782343359,1.0,1.2688831240774603,1.0,-0.9013819175468222,0.8082105322504084,q > 0.25
reactome,G2/M Transition R-HSA-69275,-1.0565747301232222,0.6323830213911747,0.8646794228443612,1.0,-1.1697631915210651,0.5965437966535002,q > 0.25
reactome,Regulation Of Signaling By CBL R-HSA-912631,-1.056543768329137,0.6311583524403381,-1.141478358216618,0.6631333779367554,-0.9126344261117292,0.8059057982759386,q > 0.25
reactome,Activation Of ATR In Response To Replication Stress R-HSA-176187,-1.056471566230479,0.6300392053664114,-0.6107185898479008,0.9857148732141164,-0.8931869804174661,0.8193838694323266,q > 0.25
reactome,Platelet Homeostasis R-HSA-418346,-1.0548878127057282,0.6328908227699045,-0.996658425645434,0.81782488527146,-1.0126051985912026,0.7057243762014969,q > 0.25
reactome,Long-term Potentiation R-HSA-9620244,1.0547987650229782,1.0,0.9864380558771536,1.0,-0.9165735815885456,0.7997741735617708,q > 0.25
reactome,Senescence-Associated Secretory Phenotype (SASP) R-HSA-2559582,-1.054729235117412,0.6320154858444587,-0.8931426065690451,0.8780112250464736,-0.936349034375519,0.7763093595201591,q > 0.25
reactome,Loss Of Nlp From Mitotic Centrosomes R-HSA-380259,-1.0540859032378067,0.6323849949190352,-0.8505930258669809,0.8916608876626357,-1.3046398868191564,0.4614471019253505,q > 0.25
reactome,Activation Of G Protein Gated Potassium Channels R-HSA-1296041,-1.0537745582964029,0.6319147439366941,-0.921539208809291,0.8904983620174356,-1.1829882451124247,0.5900827679996924,q > 0.25
reactome,Transcriptional Regulation By AP-2 (TFAP2) Family Of Transcription Factors R-HSA-8864260,1.0533082641003428,1.0,1.3219321305372869,1.0,-0.885877625709421,0.8242841333689171,q > 0.25
reactome,Interconversion Of Nucleotide Di- And Triphosphates R-HSA-499943,-1.053120180656018,0.6322829609541017,-0.9386046714943188,0.8628842824029376,1.0420192481490569,0.8286944909428481,q > 0.25
reactome,Inwardly Rectifying K+ Channels R-HSA-1296065,-1.052936348926891,0.6314752739983116,-0.9841893576514812,0.8307609951145393,-1.204734113224147,0.5651023770007276,q > 0.25
reactome,Oxidative Stress Induced Senescence R-HSA-2559580,-1.0518032118634368,0.6330941024296031,-1.0279737278733585,0.7844283884247554,-1.231267559581101,0.5464333247417903,q > 0.25
reactome,Transcriptional Regulation Of White Adipocyte Differentiation R-HSA-381340,1.0509776316652435,1.0,0.8804146452313283,1.0,0.7879335103075225,0.9740255094112013,q > 0.25
reactome,Assembly Of Active LPL And LIPC Lipase Complexes R-HSA-8963889,1.050524485152189,1.0,1.0473182010729565,0.9963631768705148,1.3352966093204184,0.4797384701594249,q > 0.25
reactome,ZBP1(DAI) Mediated Induction Of Type I IFNs R-HSA-1606322,-1.0500111138843076,0.6365234716554311,-0.8776420546147004,0.8754351185059888,-1.0249207942358711,0.7150093313193854,q > 0.25
reactome,Mitotic Prometaphase R-HSA-68877,-1.0499915869632666,0.6352963619906065,1.0094735427850876,1.0,-1.2182855682923293,0.5554614012785904,q > 0.25
reactome,COPII-mediated Vesicle Transport R-HSA-204005,-1.0474788574600162,0.6405388565262071,-1.0166929849413524,0.805156150437581,-1.6952214662121965,0.091738350884498,q > 0.25
reactome,Termination Of Translesion DNA Synthesis R-HSA-5656169,-1.0474785694126048,0.6392577788131546,0.739325185619793,1.0,1.2398303083476885,0.6178202480507076,q > 0.25
reactome,Glycolysis R-HSA-70171,-1.04588715226719,0.64213156543996,-1.000311256167467,0.8143016414892765,-1.1616156087320035,0.6007964706421688,q > 0.25
reactome,DNA Damage/Telomere Stress Induced Senescence R-HSA-2559586,-1.0458848318981604,0.6408574832097156,-1.1734336953275506,0.637178370974611,-1.0806277276759424,0.6533702898720045,q > 0.25
reactome,Signal Amplification R-HSA-392518,-1.0453427038069376,0.6409744535475985,-0.8986448568236693,0.8790558501240342,-1.0369476681550502,0.7008611754428828,q > 0.25
reactome,N-glycan Trimming In ER And Calnexin/Calreticulin Cycle R-HSA-532668,-1.0449148747413266,0.6407989555438314,-0.7890487032571554,0.925698688541922,-1.5501133592512664,0.212364819211422,q > 0.25
reactome,SUMOylation R-HSA-2990846,-1.0446091839953426,0.6403097929223032,-0.9545453059110284,0.848726525669305,-1.2012674202405869,0.5601674680828236,q > 0.25
reactome,SUMO E3 Ligases SUMOylate Target Proteins R-HSA-3108232,-1.0443204409535003,0.6397991171082369,-0.9417963678313525,0.8624298010503936,-1.1688152369572804,0.5952469897784943,q > 0.25
reactome,HCMV Early Events R-HSA-9609690,-1.044022800822484,0.6392848842716155,-0.914104754990019,0.8842151909490794,-1.104380717193398,0.6316116698420792,q > 0.25
reactome,Hh Mutants Are Degraded By ERAD R-HSA-5362768,-1.0430915740758542,0.6404413986022638,-0.8953572349661214,0.8783539190875144,-1.1194001264963274,0.6067413300623224,q > 0.25
reactome,Smooth Muscle Contraction R-HSA-445355,-1.0419290489601376,0.6421977234635008,-1.0369420947226649,0.7805699971001941,-0.976112765117644,0.7345057763287786,q > 0.25
reactome,Tight Junction Interactions R-HSA-420029,1.0418887228713551,1.0,0.880507252572298,1.0,1.0283831368442335,0.8343946485405862,q > 0.25
reactome,O-glycosylation Of TSR Domain-Containing Proteins R-HSA-5173214,-1.0410576874152988,0.6433290363717471,-0.9901048809367388,0.8260625005905804,-1.0404311963637072,0.7034707207876647,q > 0.25
reactome,G1/S DNA Damage Checkpoints R-HSA-69615,-1.040923317804278,0.6424398926255359,-0.8005506509054462,0.9245905289151688,-0.8191909972990313,0.9018750207876784,q > 0.25
reactome,ATF4 Activates Genes In Response To Endoplasmic Reticulum Stress R-HSA-380994,-1.040279102089378,0.6428579159948165,-0.8844078363952517,0.8792172053747964,-0.8483000422607829,0.8709156644768684,q > 0.25
reactome,Defective B3GALTL Causes PpS R-HSA-5083635,-1.0398649049332729,0.6426603506373231,-0.9487374673166206,0.8565650306679673,-1.0553050003005258,0.6810409469367121,q > 0.25
reactome,Signaling By EGFR In Cancer R-HSA-1643713,-1.039690124466777,0.6418458434019333,-0.8605667689544783,0.8846278521209675,-0.8369592323059957,0.8837942572971533,q > 0.25
reactome,Metabolism Of Amino Acids And Derivatives R-HSA-71291,1.0384383260628771,1.0,1.16930789950588,1.0,-0.9586080417267552,0.7552379881060101,q > 0.25
reactome,Centrosome Maturation R-HSA-380287,-1.037444212649017,0.6463609584082454,-0.8205347126188955,0.9194066396961594,-1.304328993213714,0.4596398294415174,q > 0.25
reactome,G Beta:Gamma Signaling Thru BTK R-HSA-8964315,-1.0373430748992307,0.6453831330151963,-0.9113854039852866,0.8801601640614057,-1.3134655260011516,0.4569311206970312,q > 0.25
reactome,Glutamate Neurotransmitter Release Cycle R-HSA-210500,-1.0349515752106675,0.6502744328177157,-0.878045594077307,0.8758689824915032,-1.0356417178372577,0.6982905846994876,q > 0.25
reactome,COPI-dependent Golgi-to-ER Retrograde Traffic R-HSA-6811434,-1.0348292139996027,0.6493375441530423,-0.8630908436141231,0.8830102858845071,-1.520869492917474,0.2203772433939203,q > 0.25
reactome,Signaling By NOTCH3 R-HSA-9012852,-1.034424316511743,0.6491548143822147,-0.8968139270415679,0.8791974888148821,1.0600279473538878,0.7989884241643089,q > 0.25
reactome,Processing Of DNA Double-Strand Break Ends R-HSA-5693607,-1.0344169357431003,0.6479254525607542,-1.063931841091468,0.7477803098284479,-0.8203942270385759,0.9008580287717326,q > 0.25
reactome,ADP Signaling Thru P2Y Purinoceptor 1 R-HSA-418592,-1.0341383706446694,0.6474067294040335,-0.942430959352204,0.8658104995458674,-0.7058836238327416,0.9769833492805984,q > 0.25
reactome,YAP1- And WWTR1 (TAZ)-stimulated Gene Expression R-HSA-2032785,-1.0334616188387242,0.6478943535372094,-0.906837544128166,0.8779021754975104,-1.0202292740292709,0.7143950345968559,q > 0.25
reactome,Metabolism Of Water-Soluble Vitamins And Cofactors R-HSA-196849,-1.0313853869491896,0.651964806223683,-1.064755088163319,0.7472507724539014,0.9396242901740972,0.8755241370348517,q > 0.25
reactome,AUF1 (hnRNP D0) Binds And Destabilizes mRNA R-HSA-450408,-1.0312190494150508,0.6511319141229815,-0.7040329983413789,0.9666554532172642,-0.9075846129840256,0.8068921626852982,q > 0.25
reactome,Cargo Concentration In ER R-HSA-5694530,-1.0308494474567664,0.6508515439097077,-1.0030229884117032,0.8137815700601694,-1.7843094364838252,0.0420774128236337,q > 0.25
reactome,Polymerase Switching On C-strand Of Telomere R-HSA-174411,-1.0307700752288145,0.6498370497685131,0.8032580280770117,1.0,0.5678834396292929,0.9965817868572552,q > 0.25
reactome,Regulation Of PTEN Stability And Activity R-HSA-8948751,-1.030727676368138,0.6487272442233428,-0.906634861663666,0.8768510242483271,-0.817321557531323,0.9029360648157192,q > 0.25
reactome,Signaling By Cytosolic FGFR1 Fusion Mutants R-HSA-1839117,1.0297169210664487,1.0,0.9261897675204306,1.0,0.9310735136701668,0.881162736822674,q > 0.25
reactome,RAC1 GTPase Cycle R-HSA-9013149,-1.0292476949299494,0.651274038435636,-1.0983270452936704,0.6956736202543925,-1.348633154197692,0.4245658908549525,q > 0.25
reactome,Notch-HLH Transcription Pathway R-HSA-350054,-1.0291298999204292,0.6503323145517305,-1.060979293454211,0.7506986111595862,-1.0556333313799562,0.6816713962359153,q > 0.25
reactome,Regulation Of RUNX1 Expression And Activity R-HSA-8934593,1.028943450084951,1.0,0.9789158892050204,1.0,-1.297160493260071,0.4677420278759687,q > 0.25
reactome,Dual Incision In TC-NER R-HSA-6782135,-1.0283322287457757,0.6511092545920677,-0.9556271593721564,0.8491232883171285,-1.1732966597607746,0.5962531363235076,q > 0.25
reactome,"PI5P, PP2A And IER3 Regulate PI3K/AKT Signaling R-HSA-6811558",-1.028226050780165,0.650148513297122,-1.0505091608340873,0.7626764672532227,-1.25980504421274,0.5083922016859279,q > 0.25
reactome,G Alpha (S) Signaling Events R-HSA-418555,-1.0280439944029862,0.6493835950647586,-0.8812898436435048,0.8780628752459708,-1.0313291259975643,0.7043691394805272,q > 0.25
reactome,Paracetamol ADME R-HSA-9753281,1.0279382115028537,1.0,1.040219204982165,1.0,1.6472629106631147,0.1046629429064478,q > 0.25
reactome,DARPP-32 Events R-HSA-180024,1.0278633712833682,1.0,1.109352648838743,1.0,-0.8853524973201035,0.8243078931955264,q > 0.25
reactome,Hedgehog On State R-HSA-5632684,-1.0278274659348383,0.6487111126960732,-0.7876587259436573,0.9254573245211386,-1.286335458310391,0.4767110530000652,q > 0.25
reactome,Synthesis Of PC R-HSA-1483191,1.0273616952436242,1.0,0.8723261993632022,1.0,0.8456742913505951,0.9582511450497678,q > 0.25
reactome,Hedgehog Ligand Biogenesis R-HSA-5358346,-1.0249486749677408,0.6548221648856718,-1.0043445541899914,0.815457619163044,-1.168865598952176,0.5972003187081707,q > 0.25
reactome,GPER1 Signaling R-HSA-9634597,-1.024746997016864,0.6541325270463358,-0.8835931578421522,0.8767649842167327,-1.4253316411387575,0.3091823065428674,q > 0.25
reactome,NCAM Signaling For Neurite Out-Growth R-HSA-375165,-1.0236468467407067,0.6556799757567462,-1.1087243065607928,0.6926864803041006,0.8640709684405289,0.9373420376614616,q > 0.25
reactome,DNA Double Strand Break Response R-HSA-5693606,-1.0232629264223023,0.6554452698185278,-1.0374186390900455,0.7810828181118226,0.9599630606712088,0.8617437749295345,q > 0.25
reactome,Insulin Receptor Signaling Cascade R-HSA-74751,1.022920376995965,1.0,-0.8003810708181934,0.9235552180837862,-1.1183799883332488,0.6079708548810816,q > 0.25
reactome,G Alpha (Q) Signaling Events R-HSA-416476,-1.0219806661692934,0.6574533943878423,-0.9352338281660232,0.8706450322030016,-0.9115538768114622,0.8046906610550969,q > 0.25
reactome,p53-Dependent G1 DNA Damage Response R-HSA-69563,-1.021862113867904,0.6565281591996958,-0.8146628928894876,0.9198567571869184,-0.8204473064160404,0.9020497836124104,q > 0.25
reactome,Other Semaphorin Interactions R-HSA-416700,1.0195822997307349,1.0,1.066594177528233,1.0,-0.7821036575052535,0.942043758612192,q > 0.25
reactome,AURKA Activation By TPX2 R-HSA-8854518,-1.0194528395305469,0.6615849074058381,0.8252442806167528,1.0,-1.1627044610188144,0.6036326549803785,q > 0.25
reactome,Transcription Of E2F Targets Under Negative Control By DREAM Complex R-HSA-1362277,1.0186225427775628,1.0,1.1346065674069177,1.0,0.9458411991965614,0.8667377993977499,q > 0.25
reactome,RA Biosynthesis Pathway R-HSA-5365859,-1.0183011977320997,0.6632807615392422,-0.8996303094564868,0.8827258905715211,1.663026786967626,0.1050996014134105,q > 0.25
reactome,Pre-NOTCH Transcription And Translation R-HSA-1912408,1.0171027937305914,1.0,-0.9407633092999528,0.8619479034794184,-1.30259032005543,0.4594414772343711,q > 0.25
reactome,SCF(Skp2)-mediated Degradation Of P27/P21 R-HSA-187577,-1.016994402858331,0.66547954472311,-0.8994959050813498,0.8815254486048426,-0.934511605817017,0.7745632873512222,q > 0.25
reactome,Listeria Monocytogenes Entry Into Host Cells R-HSA-8876384,-1.015173015015976,0.6689395514376623,-0.8629320869257385,0.8819484337973148,-1.3291690677870651,0.4443073606702811,q > 0.25
reactome,Opioid Signaling R-HSA-111885,-1.0149117901089275,0.6683932263202689,-0.9098820145919648,0.8793515933948874,0.9396064851457188,0.872049828144674,q > 0.25
reactome,RNA Polymerase I Promoter Clearance R-HSA-73854,1.0145865408949195,1.0,1.1134626467747977,1.0,-1.0473070176458503,0.6963669467977779,q > 0.25
reactome,Muscle Contraction R-HSA-397014,1.014470082571177,1.0,1.0488443513080334,0.9969395161968664,1.0576686680401086,0.7883774748680706,q > 0.25
reactome,Fatty Acid Metabolism R-HSA-8978868,1.014242355830715,1.0,1.0129659151543555,1.0,1.542896716655165,0.1886524472755936,q > 0.25
reactome,Olfactory Signaling Pathway R-HSA-381753,1.01423511212842,1.0,-1.151051968158994,0.6650791543445829,-0.9944835704446128,0.7225031117350268,q > 0.25
reactome,"Gamma Carboxylation, Hypusine Formation And Arylsulfatase Activation R-HSA-163841",1.0134687847207362,1.0,0.99025702078027,1.0,1.0363474360083942,0.8297083579307116,q > 0.25
reactome,Chondroitin Sulfate/Dermatan Sulfate Metabolism R-HSA-1793185,-1.0134005258586258,0.6709634006052222,-1.0127870114254276,0.8093009190652481,-0.9624398845898084,0.750378223891249,q > 0.25
reactome,APC-Cdc20 Mediated Degradation Of Nek2A R-HSA-179409,-1.0131052698937602,0.6705162543546939,0.6265394256663056,0.9991467784193584,-1.0284750272727747,0.7079150063448506,q > 0.25
reactome,Formation Of Incision Complex In GG-NER R-HSA-5696395,-1.0127744535533096,0.6701089573395806,-1.1281592618255822,0.6733551686910371,-1.089914193778614,0.653388025691426,q > 0.25
reactome,Glucagon-type Ligand Receptors R-HSA-420092,-1.0111280875357669,0.6731603875327097,-0.8041041258442134,0.9221724417430438,-1.1520180833579408,0.6020663798379147,q > 0.25
reactome,Fatty acyl-CoA Biosynthesis R-HSA-75105,-1.010881435966922,0.6725434320514763,-0.8580871290747574,0.8860124216356102,0.8819912910045963,0.9214746769029116,q > 0.25
reactome,Macroautophagy R-HSA-1632852,1.0108311747038057,1.0,0.9702384354762248,1.0,-1.4533625898088611,0.2768139730737241,q > 0.25
reactome,Constitutive Signaling By Ligand-Responsive EGFR Cancer Variants R-HSA-1236382,-1.010748724977373,0.67165959725902,-0.8079821058486546,0.9231167141420208,0.7739636627042803,0.9735909912816244,q > 0.25
reactome,Sensory Processing Of Sound By Outer Hair Cells Of Cochlea R-HSA-9662361,-1.0106008815011522,0.6708066542718789,0.7318100573933843,1.0,1.2697688033083272,0.5568764015287828,q > 0.25
reactome,Translocation Of SLC2A4 (GLUT4) To Plasma Membrane R-HSA-1445148,-1.0093129507358,0.672921266627933,0.9195550914162512,1.0,-0.8383461467293271,0.8821375877949411,q > 0.25
reactome,IRS-related Events Triggered By IGF1R R-HSA-2428928,1.0084906246941607,1.0,-0.8430651401634609,0.8985242633836235,-0.7197504134128908,0.9759211732077172,q > 0.25
reactome,Recruitment Of NuMA To Mitotic Centrosomes R-HSA-380320,-1.007327548446747,0.6767843852638586,-0.7976941129544255,0.9256281806431756,-1.316795820458854,0.4524890927180198,q > 0.25
reactome,Cargo Recognition For Clathrin-Mediated Endocytosis R-HSA-8856825,1.0063713015762208,1.0,1.2385189793318483,1.0,-1.152680060624567,0.6060193837191113,q > 0.25
reactome,Assembly Of Pre-Replicative Complex R-HSA-68867,-1.0059650047053403,0.6790365982759479,-0.7621332498229314,0.9382802691938934,-0.99388394961216,0.7199029944717441,q > 0.25
reactome,Global Genome Nucleotide Excision Repair (GG-NER) R-HSA-5696399,-1.004309268523872,0.6820919872284349,-0.9136283766872464,0.8838587446194885,-0.9674098073966908,0.7480552174365037,q > 0.25
reactome,Apoptosis R-HSA-109581,-1.0032582685699525,0.6835690490684408,-0.791475738536521,0.926987717056633,1.0075990132860333,0.8524932466565579,q > 0.25
reactome,Inflammasomes R-HSA-622312,1.002582511448918,1.0,1.2564285780924254,1.0,-0.9450833745471484,0.7627608211248975,q > 0.25
reactome,TP53 Regulates Metabolic Genes R-HSA-5628897,1.0009881486763297,1.0,1.3038221305276223,1.0,1.0975966414667069,0.7571220378832605,q > 0.25
reactome,Apoptotic Execution Phase R-HSA-75153,-1.0007092859248434,0.6890005455504827,0.976526780876865,1.0,0.8649530140984161,0.9382227500160308,q > 0.25
reactome,CD28 Co-Stimulation R-HSA-389356,-1.0002063961698453,0.6890839998440716,-1.2789025098386415,0.5173237877730829,0.7847917336708116,0.973548671537726,q > 0.25
reactome,Regulation Of MECP2 Expression And Activity R-HSA-9022692,0.999459784588273,1.0,1.1135527082783716,1.0,-1.4161874672314196,0.3308977558424393,q > 0.25
reactome,Ovarian Tumor Domain Proteases R-HSA-5689896,-0.999023560970792,0.6908241134794889,-0.7806060205732713,0.9276210710697246,1.2059227654712328,0.6498341343041248,q > 0.25
reactome,Nucleotide Excision Repair R-HSA-5696398,-0.99888812671975,0.6899587269030008,-0.9150760261399676,0.8832117150807551,-1.1829403584294582,0.5879953876956305,q > 0.25
reactome,Costimulation By CD28 Family R-HSA-388841,-0.9963899656278856,0.695203651699325,-1.043880964567933,0.7692474742377862,-0.911678001906888,0.8057094964249863,q > 0.25
reactome,Phase I - Functionalization Of Compounds R-HSA-211945,0.9956530334132248,1.0,1.2042998736670945,1.0,1.0894096893377754,0.7506267368318864,q > 0.25
reactome,Assembly Of ORC Complex At Origin Of Replication R-HSA-68616,0.9950313165935672,1.0,0.9552398016919484,1.0,-0.8865596300511065,0.8277729849809259,q > 0.25
reactome,RAC2 GTPase Cycle R-HSA-9013404,-0.9946933504570932,0.6983600945251839,-1.0405694709838298,0.7735293426328871,-1.2821759358740854,0.4787645796148337,q > 0.25
reactome,Visual Phototransduction R-HSA-2187338,-0.9935387816737374,0.7001210404789089,-0.9794302168528032,0.8320072302103095,1.0236102755565704,0.832895494523689,q > 0.25
reactome,GPCR Ligand Binding R-HSA-500792,-0.992872329670668,0.7006401589627603,-0.9494762290316096,0.8562157890514887,0.8792577655555018,0.9225290244308229,q > 0.25
reactome,Zinc Transporters R-HSA-435354,0.992597186904529,1.0,0.9287383301148704,1.0,1.3201894752502323,0.4904915330672009,q > 0.25
reactome,RNA Polymerase I Transcription Initiation R-HSA-73762,0.9924631036747652,1.0,1.071630108512361,1.0,-1.212101836902227,0.5559166371195513,q > 0.25
reactome,"Sensory Perception Of Sweet, Bitter, And Umami (Glutamate) Taste R-HSA-9717207",-0.9923604456205398,0.7007309757811312,-1.2181295991399932,0.5832955284392317,-0.9828834565457684,0.7371101173035952,q > 0.25
reactome,Effects Of PIP2 Hydrolysis R-HSA-114508,-0.9920801419798256,0.7002340609236579,-1.0449913673899025,0.7737810761870849,-0.892635735886819,0.8194451441051377,q > 0.25
reactome,Defective CFTR Causes Cystic Fibrosis R-HSA-5678895,-0.991907192819601,0.699440480426154,-0.8183706211634847,0.9194629216092,-1.0379414333393753,0.7027446520846145,q > 0.25
reactome,Death Receptor Signaling R-HSA-73887,0.9904902325503168,1.0,1.0673663746597273,1.0,-1.1668057805090493,0.5971958036940782,q > 0.25
reactome,Activation Of Gene Expression By SREBF (SREBP) R-HSA-2426168,-0.9879347358642472,0.7084642504455483,-0.8127265412870319,0.9195250609171494,-0.9544153088650086,0.7569079802479375,q > 0.25
reactome,PKA-mediated Phosphorylation Of CREB R-HSA-111931,0.986340909837382,1.0,0.9350115906527564,1.0,-0.9638288113390632,0.7480205495289065,q > 0.25
reactome,DAG And IP3 Signaling R-HSA-1489509,-0.9860206835472904,0.7121935076288991,-0.9125265435648172,0.8835543857264372,-0.8582455731054615,0.8626290861155664,q > 0.25
reactome,Rab Regulation Of Trafficking R-HSA-9007101,0.9859608376692468,1.0,0.8746962757295307,1.0,-1.2191903119915068,0.5549356114773428,q > 0.25
reactome,NR1H3 And NR1H2 Regulate Gene Expression Linked To Cholesterol Transport And Efflux R-HSA-9029569,0.984183618709741,1.0,1.169132095667966,1.0,-1.1955885693946977,0.566771253549881,q > 0.25
reactome,mRNA Splicing - Minor Pathway R-HSA-72165,-0.983970467225914,0.7162189168094513,-0.7062683854936154,0.9685693586143712,-1.3844577707562291,0.385538867667349,q > 0.25
reactome,Recruitment And ATM-mediated Phosphorylation Of Repair And Signal Proteins At DNA Double Strand Breaks R-HSA-5693565,-0.9837623982077704,0.7155438918021717,-1.047000300124287,0.7695865134629893,0.9826913794536088,0.856992655026315,q > 0.25
reactome,JNK (c-Jun Kinases) Phosphorylation And Activation Mediated By Activated Human TAK1 R-HSA-450321,0.9825250513577628,1.0,0.6547195334433812,0.999812091448924,-1.2589048463202963,0.5060568284886855,q > 0.25
reactome,N-glycan Antennae Elongation In medial/trans-Golgi R-HSA-975576,-0.9825196965892448,0.7175833936749066,-1.0701490526574984,0.7369067089751713,1.3140354561682408,0.4959958143507758,q > 0.25
reactome,HDACs Deacetylate Histones R-HSA-3214815,0.9824378383763936,1.0,0.9301109029790624,1.0,-0.7161623485126088,0.9767575187927174,q > 0.25
reactome,Gap-filling DNA Repair Synthesis And Ligation In TC-NER R-HSA-6782210,-0.981901921427176,0.7179480334012603,-0.8238020639590344,0.9169406771065356,-1.0731716128676168,0.6585601554487971,q > 0.25
reactome,Biological Oxidations R-HSA-211859,0.981333971273744,1.0,1.0013458403384714,1.0,1.4007164508544137,0.3657826887426182,q > 0.25
reactome,Mitotic Spindle Checkpoint R-HSA-69618,-0.9811529499630666,0.7187060819047073,0.9592520596042242,1.0,-1.2080390287861555,0.5569930865116935,q > 0.25
reactome,RNA Polymerase II Transcribes snRNA Genes R-HSA-6807505,-0.980617840309796,0.7188577315305389,-1.0436864126238228,0.7678404779314439,-1.392500622895782,0.3717996726887778,q > 0.25
reactome,"Adrenaline,noradrenaline Inhibits Insulin Secretion R-HSA-400042",0.980561712987718,1.0,1.023890250164311,1.0,-1.068517451965581,0.6654914590424443,q > 0.25
reactome,Downregulation Of ERBB2 Signaling R-HSA-8863795,-0.9805089624034552,0.7178902292015631,-0.8793479227431621,0.8740984567999187,-0.861186387146629,0.8584262160085654,q > 0.25
reactome,Degradation Of GLI2 By Proteasome R-HSA-5610783,-0.9802643280401612,0.7172624082563487,-0.8522207532013273,0.8908026049670296,-1.0663355214736625,0.6701768373015463,q > 0.25
reactome,Interleukin-6 Family Signaling R-HSA-6783589,0.9792291989485964,1.0,0.982888092045833,1.0,1.478296820228557,0.2473896096892028,q > 0.25
reactome,Negative Regulation Of PI3K/AKT Network R-HSA-199418,-0.97916710025383,0.7189586359241588,-1.0342136199506786,0.7810531374353737,-1.2035705014179192,0.566465947116379,q > 0.25
reactome,WNT Ligand Biogenesis And Trafficking R-HSA-3238698,-0.979160199201824,0.7177364259281838,-0.8420012762169599,0.899429507273957,-0.8656720688552522,0.8545278717174354,q > 0.25
reactome,"Transport Of Vitamins, Nucleosides, And Related Molecules R-HSA-425397",0.9789481284621012,1.0,0.7117131055881452,1.0,0.6613473204361854,0.9845992601901854,q > 0.25
reactome,Norepinephrine Neurotransmitter Release Cycle R-HSA-181430,-0.9787896680658136,0.7174637516848732,-0.8979055705737446,0.8794040164792901,0.783706785879077,0.9695949520927316,q > 0.25
reactome,Late Endosomal Microautophagy R-HSA-9615710,-0.9783958714244658,0.7172435521857301,-1.0063872494338673,0.8150530644551695,-1.3108650490578646,0.4533933999705741,q > 0.25
reactome,Hh Mutants Abrogate Ligand Secretion R-HSA-5387390,-0.9783858854149234,0.7160378694351532,-0.8268893486567969,0.913403400677264,-1.1090592859667712,0.6230109304050279,q > 0.25
reactome,Association Of TriC/CCT With Target Proteins During Biosynthesis R-HSA-390471,0.9773538894154404,1.0,1.1702909287779388,1.0,-0.7111087708500586,0.977568898069798,q > 0.25
reactome,Impaired BRCA2 Binding To RAD51 R-HSA-9709570,-0.9768775904663144,0.7187585267463632,-0.7694128320572677,0.9343162344982296,1.0040978443048978,0.8558842279084594,q > 0.25
reactome,Prostacyclin Signaling Thru Prostacyclin Receptor R-HSA-392851,-0.976360652044574,0.7188884018178648,-0.8360873364285097,0.9065993213136664,-1.270079860835708,0.4873090962419163,q > 0.25
reactome,Cytosolic Sensors Of Pathogen-Associated DNA R-HSA-1834949,-0.9760797937488936,0.7183326469971028,-0.9403366055774924,0.8614184001954013,-0.9871388252475516,0.731184795270017,q > 0.25
reactome,Aberrant Regulation Of Mitotic Exit In Cancer Due To RB1 Defects R-HSA-9687136,-0.9742960481150232,0.7216645239325621,-0.8717338271456166,0.8796404179674381,-1.0363226352627897,0.6979083168762382,q > 0.25
reactome,Homology Directed Repair R-HSA-5693538,-0.9736493231265794,0.7220784791639117,-0.8665601909428238,0.8818848283289332,1.0228956822742676,0.8309505649104219,q > 0.25
reactome,Regulation Of Gene Expression In Beta Cells R-HSA-210745,-0.97341664588407,0.7214221325761732,-0.5997169657573987,0.9850002290070412,0.9179865618476593,0.8833389793133198,q > 0.25
reactome,Regulation Of Apoptosis R-HSA-169911,-0.9728522243909786,0.7216773098941097,-0.8059023742272314,0.9229413436784544,-0.8791169515577791,0.8328888233179388,q > 0.25
reactome,NRIF Signals Cell Death From Nucleus R-HSA-205043,0.971804005471432,1.0,0.7757362741791287,1.0,-0.5789880477161825,0.9971554040522616,q > 0.25
reactome,Autophagy R-HSA-9612973,0.9712929669346386,1.0,1.0194693631722942,1.0,-1.469573417507853,0.2720564400439009,q > 0.25
reactome,CDC42 GTPase Cycle R-HSA-9013148,0.971059279863554,1.0,-0.9647029720024928,0.8494804034543807,-1.1574173005986863,0.6036082950321829,q > 0.25
reactome,PI Metabolism R-HSA-1483255,0.9705200662014826,1.0,-0.8584310610792425,0.8866390232991568,-0.9059663265818608,0.8070520590365895,q > 0.25
reactome,Cardiac Conduction R-HSA-5576891,-0.9704507197599572,0.7266465809843202,-0.8961471006421436,0.8793667281458696,0.9816336097356728,0.8526005297567008,q > 0.25
reactome,ADP Signaling Thru P2Y Purinoceptor 12 R-HSA-392170,-0.9700049469058016,0.7265684737087665,-0.8373529025206303,0.9053075329652336,-1.4768064918313248,0.2682912375653183,q > 0.25
reactome,Downstream Signaling Of Activated FGFR1 R-HSA-5654687,-0.969824227666256,0.7258407441722038,-1.0341520421127617,0.7792903227705452,-1.0109425222223356,0.7087890186328937,q > 0.25
reactome,Acyl Chain Remodelling Of PS R-HSA-1482801,-0.9694230762323278,0.7256356444441118,-0.8163680566058011,0.9206459854137924,0.8667665369795786,0.9431773664345792,q > 0.25
reactome,RND3 GTPase Cycle R-HSA-9696264,-0.9693388770970592,0.7246213750527494,-0.8914984332054102,0.8777049314855148,0.9184880918206942,0.8886415174680343,q > 0.25
reactome,HDR Thru Homologous Recombination (HRR) Or Single Strand Annealing (SSA) R-HSA-5693567,-0.969297222885658,0.7235060699863999,-0.8953536993104604,0.8768243063156778,0.9747463063911996,0.8595558011287519,q > 0.25
reactome,G Alpha (I) Signaling Events R-HSA-418594,-0.9690331632092564,0.722951876713368,-0.9106966424184416,0.8803687347756745,1.1994506605356856,0.6594328096018905,q > 0.25
reactome,Sphingolipid De Novo Biosynthesis R-HSA-1660661,0.966820979285134,1.0,0.9796868422491348,1.0,0.9636685058348856,0.8609954672113977,q > 0.25
reactome,RHOA GTPase Cycle R-HSA-8980692,-0.9655804749240594,0.7304522411332393,-0.9812913788571016,0.8338736627855611,-1.0827874219084015,0.650439892744129,q > 0.25
reactome,Regulation Of FZD By Ubiquitination R-HSA-4641263,-0.9641087587025012,0.7329822976379442,-1.0337223751121447,0.7786749897886226,1.6203173980718872,0.1062386356403335,q > 0.25
reactome,RMTs Methylate Histone Arginines R-HSA-3214858,0.9638207044477892,1.0,1.076514472414882,1.0,0.845096454230968,0.956481039853082,q > 0.25
reactome,mTORC1-mediated Signaling R-HSA-166208,-0.9632693612326808,0.7339641990061057,0.8212046921717777,1.0,-0.9455410010217336,0.7629240496176278,q > 0.25
reactome,Conversion From APC/C:Cdc20 To APC/C:Cdh1 In Late Anaphase R-HSA-176407,-0.9631144808401372,0.7331382752047149,-0.8217071357683953,0.9197931734338032,-1.0024511009534671,0.7163598634583681,q > 0.25
reactome,Acetylcholine Neurotransmitter Release Cycle R-HSA-264642,-0.9628489231910884,0.73257971571578,-0.8949035161797665,0.8749550895729538,0.8160877303740307,0.9776321019430726,q > 0.25
reactome,Interleukin-12 Family Signaling R-HSA-447115,-0.9628068832184798,0.7314824594315726,-0.803750493684542,0.9214595371486768,0.9507412617021916,0.8619856050456975,q > 0.25
reactome,RUNX2 Regulates Osteoblast Differentiation R-HSA-8940973,-0.96251803170025,0.7310502958769757,-0.9114209500517296,0.8817002173654798,-1.159382131586087,0.601490611931042,q > 0.25
reactome,Cellular Response To Starvation R-HSA-9711097,-0.962070950301772,0.730988559563986,1.0183762932917353,1.0,-1.4757325704626931,0.2671854376964264,q > 0.25
reactome,EML4 And NUDC In Mitotic Spindle Formation R-HSA-9648025,-0.9606377590613464,0.7334613758473142,0.9857414242377353,1.0,-1.084476130576091,0.6555988770752759,q > 0.25
reactome,Circadian Clock R-HSA-400253,-0.9605304689767769,0.732523730970872,-0.9868150528725306,0.8302832922451451,-1.0066129084528754,0.7149595103807772,q > 0.25
reactome,Neurexins And Neuroligins R-HSA-6794361,0.9604094628442172,1.0,-0.9714271883189166,0.8426301179070025,0.7961249458484919,0.974265618070337,q > 0.25
reactome,COPI-independent Golgi-to-ER Retrograde Traffic R-HSA-6811436,0.9602749274329808,1.0,0.7988792945543219,1.0,0.8075623905931538,0.976457488455846,q > 0.25
reactome,COPI-mediated Anterograde Transport R-HSA-6807878,-0.9601763815487064,0.7322034565757376,-0.9582646388063278,0.8503558503848095,-1.610815874200498,0.1810343605528879,q > 0.25
reactome,Diseases Associated With TLR Signaling Cascade R-HSA-5602358,0.959244662110548,1.0,1.075741919805387,1.0,1.0662989217175676,0.8014600182460397,q > 0.25
reactome,Transcriptional Regulation By RUNX2 R-HSA-8878166,-0.9580900985683742,0.7362259135905809,-0.9991570644013236,0.8159259182104551,-1.15137403230459,0.5981688746286259,q > 0.25
reactome,FBXL7 Down-Regulates AURKA During Mitotic Entry And In Early Mitosis R-HSA-8854050,-0.9579141716952608,0.7354655335872375,-0.8207223035948716,0.920397723163796,-0.8568287041263647,0.8645963371328592,q > 0.25
reactome,PKA Activation In Glucagon Signaling R-HSA-164378,0.957777871745766,1.0,1.008968094460493,1.0,-0.7716994725635483,0.949046126509194,q > 0.25
reactome,"Cobalamin (Cbl, Vitamin B12) Transport And Metabolism R-HSA-196741",0.9560014401209826,1.0,1.0111543628313222,1.0,1.095558791972791,0.7492267670934676,q > 0.25
reactome,Transmission Across Chemical Synapses R-HSA-112315,-0.9552985592148272,0.7409661153691773,-0.9296327504271366,0.8813234640961921,-0.8340027916303123,0.8886929391813703,q > 0.25
reactome,Diseases Associated With Glycosylation Precursor Biosynthesis R-HSA-5609975,-0.9541441108842942,0.742727033280744,-0.978253498582515,0.8299642700959685,-1.1283935564001155,0.6015508167025119,q > 0.25
reactome,RHO GTPases Activate ROCKs R-HSA-5627117,-0.9524882758186826,0.7457621091733982,-0.909502401068178,0.878774727534273,1.0969931516820266,0.7541907832788138,q > 0.25
reactome,Polo-like Kinase Mediated Events R-HSA-156711,-0.9521711681643414,0.7453786750329963,0.613466444497686,0.9958042150137744,1.1171039481143044,0.7406466947590538,q > 0.25
reactome,Transcription-Coupled Nucleotide Excision Repair (TC-NER) R-HSA-6781827,-0.9516429302997118,0.7455071553182381,-0.8354846961845251,0.906533836442702,-1.232899624373357,0.5513467678103557,q > 0.25
reactome,Intra-Golgi And Retrograde Golgi-to-ER Traffic R-HSA-6811442,0.95163666404735,1.0,0.96442822874713,1.0,-1.4533714212074962,0.2833755737009663,q > 0.25
reactome,Nuclear Signaling By ERBB4 R-HSA-1251985,0.950751200553257,1.0,1.060557266801334,0.9966919810246296,0.9390561650955332,0.8702442174277844,q > 0.25
reactome,Immunoregulatory Interactions Between A Lymphoid And A non-Lymphoid Cell R-HSA-198933,-0.9504051698591656,0.7475206890450343,0.8303870662403574,1.0,0.9731986419398212,0.8567863238744705,q > 0.25
reactome,Neurotransmitter Release Cycle R-HSA-112310,-0.9490011209395612,0.7499156315431464,-0.8567932421660128,0.8861613769962745,-0.8477856670678232,0.8707216002955711,q > 0.25
reactome,Glucose Metabolism R-HSA-70326,-0.9486807383692848,0.7495403125919887,-0.8819581925235708,0.8793491582847419,-1.1624493474934825,0.6023470765244993,q > 0.25
reactome,Sensory Perception Of Taste R-HSA-9717189,-0.9486349211877974,0.748439906174794,-1.1061000012249709,0.6987493319113296,-0.9430571020008868,0.7641120976888497,q > 0.25
reactome,Elevation Of Cytosolic Ca2+ Levels R-HSA-139853,-0.9484698611270352,0.7476638641936392,-0.9587710062675572,0.8524469239728096,-0.9950986877544384,0.722213141379659,q > 0.25
reactome,HSF1-dependent Transactivation R-HSA-3371571,-0.9470273643590918,0.7501788953439378,0.8694823036896283,1.0,-0.7505905037634625,0.9572137522300648,q > 0.25
reactome,Role Of Nef In HIV-1 Replication And Disease Pathogenesis R-HSA-164952,-0.9465530172282708,0.7501599161299166,-0.9973747761986804,0.8175404867705558,0.9026395918025216,0.9089226771757584,q > 0.25
reactome,Intrinsic Pathway Of Fibrin Clot Formation R-HSA-140837,-0.9456401621798018,0.7513090506798784,-1.0023373512893765,0.8101292041758188,-0.8485649957521532,0.8729249015758997,q > 0.25
reactome,RNA Polymerase I Transcription R-HSA-73864,0.9451471389168892,1.0,1.0495449080899208,1.0,-0.9692015165906822,0.7459642404617478,q > 0.25
reactome,Unattached Kinetochores Signal Amplification Via A MAD2 Inhibitory Signal R-HSA-141444,-0.9450955370438112,0.7514968882524058,0.9855671455880708,1.0,-1.1523760281412812,0.6029831428047832,q > 0.25
reactome,Downstream Signaling Of Activated FGFR4 R-HSA-5654716,-0.944901580891681,0.7507733190903972,-1.028449737687174,0.7849090243382266,-0.9066096577038644,0.80669751518535,q > 0.25
reactome,RHOH GTPase Cycle R-HSA-9013407,-0.9446715075874912,0.7501447175453947,-1.073966921883957,0.7333065723126492,-0.8925038027338037,0.8184757585340297,q > 0.25
reactome,Serotonin Neurotransmitter Release Cycle R-HSA-181429,-0.944072263482002,0.7504539959605998,-0.9118273364938962,0.8822353745641095,0.7912801240004894,0.9798925635110156,q > 0.25
reactome,Downstream TCR Signaling R-HSA-202424,-0.9436210333112556,0.7503721372920056,-0.7643357087677022,0.9364493450734556,-0.9937667785182976,0.7188203925459976,q > 0.25
reactome,Signaling By Type 1 Insulin-like Growth Factor 1 Receptor (IGF1R) R-HSA-2404192,0.9432533681369272,1.0,-0.9645971915034828,0.8479886652078215,-0.7226001678543509,0.97834345580192,q > 0.25
reactome,G0 And Early G1 R-HSA-1538133,0.9429979589702135,1.0,1.0741775633872848,1.0,0.8172074178215275,0.9815702771846396,q > 0.25
reactome,Netrin-1 Signaling R-HSA-373752,-0.9425339698542468,0.7518958857855965,-0.9569973117511772,0.8487524428402717,1.2232825433701986,0.6415603751665844,q > 0.25
reactome,MTOR Signaling R-HSA-165159,-0.9422201720105758,0.7515200879967723,0.8844164895914786,1.0,-0.9619719921145932,0.7502978921192688,q > 0.25
reactome,IGF1R Signaling Cascade R-HSA-2428924,0.9416294023822028,1.0,-0.9637806235815862,0.84685478187642,-0.7206584514416012,0.9789700607793962,q > 0.25
reactome,Factors Involved In Megakaryocyte Development And Platelet Production R-HSA-983231,-0.9415989636763654,0.7519207234720462,-0.9247726851899672,0.889836401218728,-1.00736893114245,0.7158042028683288,q > 0.25
reactome,Neurotransmitter Receptors And Postsynaptic Signal Transmission R-HSA-112314,-0.9413522491735132,0.751336122857717,-0.9277972585044456,0.8830699573642847,-0.9022666513865002,0.8085861223128884,q > 0.25
reactome,Diseases Associated With O-glycosylation Of Proteins R-HSA-3906995,0.9413224645727124,1.0,0.8537276142509859,1.0,0.9816338323152392,0.8565654403663767,q > 0.25
reactome,Cytoprotection By HMOX1 R-HSA-9707564,0.9411324947383912,1.0,0.9957853639468388,1.0,1.1703852668401524,0.6939772131142142,q > 0.25
reactome,Signaling By NOTCH2 R-HSA-1980145,-0.9407088756691652,0.7517603641645392,-1.098366373412788,0.6975716101067823,0.719837205831366,0.9705595418075053,q > 0.25
reactome,Phospholipid Metabolism R-HSA-1483257,0.9396247850278392,1.0,-0.883780819003862,0.8777893005708973,-0.8873170999119087,0.8284792632920063,q > 0.25
reactome,RNA Polymerase III Transcription Termination R-HSA-73980,0.9395518860128024,1.0,0.8004959193270776,1.0,1.016471613938749,0.8440554341402847,q > 0.25
reactome,Class I MHC Mediated Antigen Processing And Presentation R-HSA-983169,-0.9391121662031596,0.7546014934329343,-1.0516365877075469,0.7652856405571401,-1.1067099107258815,0.6282453097434939,q > 0.25
reactome,Regulation Of Pyruvate Dehydrogenase (PDH) Complex R-HSA-204174,-0.9378043577057952,0.7566989546842444,-0.6709248484677585,0.9722665226581912,-0.7160478096373394,0.9755810463699016,q > 0.25
reactome,RUNX2 Regulates Bone Development R-HSA-8941326,-0.935664597069209,0.7608810233743213,-0.9451943699872734,0.8614634303351935,-1.006776879515822,0.7159730424771716,q > 0.25
reactome,Meiotic Synapsis R-HSA-1221632,0.9353407101313028,1.0,1.3897746976891094,0.945327777686544,0.9177704343796292,0.8806421742128451,q > 0.25
reactome,Degradation Of GLI1 By Proteasome R-HSA-5610780,-0.9348242505738732,0.761789916762361,-0.7897458983317167,0.9258920530667896,-1.013711532867996,0.707110049525795,q > 0.25
reactome,Nonhomologous End-Joining (NHEJ) R-HSA-5693571,0.9346528257377492,1.0,-0.7778928969604814,0.927961896611222,0.7324135014741644,0.9850317241901914,q > 0.25
reactome,Downstream Signaling Of Activated FGFR2 R-HSA-5654696,-0.9345081143381422,0.7613908898017248,-1.019064236246862,0.8017657911917543,-0.9785309645526068,0.7334721006248925,q > 0.25
reactome,Signaling By PDGFR In Disease R-HSA-9671555,-0.9343164449525638,0.7607008969440988,-0.8504635486517174,0.8905428024008536,0.920826560494676,0.8850045416636969,q > 0.25
reactome,Regulation Of Beta-Cell Development R-HSA-186712,-0.9339987109364536,0.7602862566392876,-1.0585383886962956,0.7561495293444859,0.9235606867382798,0.8869010482659597,q > 0.25
reactome,MECP2 Regulates Neuronal Receptors And Channels R-HSA-9022699,-0.9329961102509644,0.7616119062308602,-0.8953861528020339,0.879821604672697,-1.0577293485311554,0.6804100843846786,q > 0.25
reactome,Regulation Of mRNA Stability By Proteins That Bind AU-rich Elements R-HSA-450531,-0.9328788992596696,0.7607145932666942,0.8019075117871372,1.0,-1.0281075378201052,0.7074424609153763,q > 0.25
reactome,Regulation Of PLK1 Activity At G2/M Transition R-HSA-2565942,-0.932293313781706,0.760979900093658,0.9710976285233848,1.0,-1.121962392605539,0.6062477487298178,q > 0.25
reactome,Formation Of Fibrin Clot (Clotting Cascade) R-HSA-140877,-0.9314638982755016,0.7618752305888727,-0.7670868779538623,0.9351151762915504,1.0021643791824677,0.8495401138538806,q > 0.25
reactome,Inhibition Of DNA Recombination At Telomere R-HSA-9670095,0.9311923805732546,1.0,1.0709420452405225,1.0,-0.8549694195057079,0.8662741000750004,q > 0.25
reactome,Transcriptional Regulation By TP53 R-HSA-3700989,-0.9308103179302104,0.7623243280008191,1.0644882303552965,1.0,-1.08203604479978,0.6509255492692755,q > 0.25
reactome,Xenobiotics R-HSA-211981,-0.9303170767400776,0.7624111640346749,0.8393871589161638,1.0,-0.7699364096744359,0.9490379310520312,q > 0.25
reactome,Caspase Activation Via Death Receptors In Presence Of Ligand R-HSA-140534,-0.9301719564323788,0.7615991420559198,-1.137312377629429,0.6694771128379363,0.7827326382114004,0.9683392692559976,q > 0.25
reactome,Cyclin A:Cdk2-associated Events At S Phase Entry R-HSA-69656,-0.930084871786688,0.7606372589456908,-0.9198394524270678,0.8850136789780667,-0.9671169511553614,0.7474737263316376,q > 0.25
reactome,IRE1alpha Activates Chaperones R-HSA-381070,-0.9300211830583888,0.7596181876406193,-1.083170189798212,0.7192853634742827,-1.6989280623415766,0.1045733434346996,q > 0.25
reactome,Cyclin E Associated Events During G1/S Transition R-HSA-69202,-0.9292641667016176,0.7603728472293859,-0.9084183397060815,0.8768957378813873,-1.0419587641985673,0.7054693119440353,q > 0.25
reactome,FLT3 Signaling R-HSA-9607240,-0.9290490671067916,0.7597362710108935,-1.0252664125060251,0.7886348657872212,0.7979929616448047,0.9767662744851572,q > 0.25
reactome,Regulation Of Lipid Metabolism By PPARalpha R-HSA-400206,0.9285762963778168,1.0,0.9536287134858652,1.0,-0.8222674876022977,0.9036209318858502,q > 0.25
reactome,Inactivation Of APC/C Via Direct Inhibition Of APC/C Complex R-HSA-141430,-0.9285224127944136,0.7598388656480849,0.6302778912100334,1.0,-1.15457372743414,0.6042038418881772,q > 0.25
reactome,Antigen Processing: Ubiquitination And Proteasome Degradation R-HSA-983168,-0.9281299888092316,0.7596885633257902,-0.9959144361777144,0.818186808288761,-1.0779003768781488,0.6547079485498315,q > 0.25
reactome,Processive Synthesis On Lagging Strand R-HSA-69183,-0.9279578389754748,0.7589404601018762,0.5910938059254066,0.9967276407524174,0.7655188015491731,0.9662230557716434,q > 0.25
reactome,Nef-mediated Downmodulation Of Cell Surface Receptors By Recruitment To Clathrin Adapters R-HSA-164938,0.9277777648049216,1.0,0.9113664194833144,1.0,0.7245758163212437,0.974051120841278,q > 0.25
reactome,TP53 Regulates Transcription Of DNA Repair Genes R-HSA-6796648,-0.9275160608437756,0.7588762156854406,-0.917196054084989,0.8856172414252718,-1.2884515664829064,0.4811189150872999,q > 0.25
reactome,Glucuronidation R-HSA-156588,-0.9273099272056224,0.7582196142938723,-1.1227881693503785,0.6706903509435866,1.7833613667601007,0.0254998918154424,q > 0.25
reactome,Downstream Signaling Of Activated FGFR3 R-HSA-5654708,-0.9272568848332878,0.7572093358540208,-0.9979407612218824,0.8177201149838049,-0.9127983611275984,0.8067934064001667,q > 0.25
reactome,Detoxification Of Reactive Oxygen Species R-HSA-3299685,0.927010914444636,1.0,0.8860244878119984,1.0,1.2316422612414164,0.6186715762340897,q > 0.25
reactome,SHC1 Events In ERBB2 Signaling R-HSA-1250196,-0.9244846668609789,0.7628620360952432,-0.8116643396011515,0.9202364569012234,-1.1489040595888202,0.5958453880223199,q > 0.25
reactome,Activation Of HOX Genes During Differentiation R-HSA-5619507,0.9237769879812112,1.0,0.9930817109069386,1.0,-0.7611813378206378,0.9498083220005497,q > 0.25
reactome,SLC-mediated Transmembrane Transport R-HSA-425407,0.9236819718620134,1.0,0.866320401630998,1.0,1.236975226261047,0.6138389283974034,q > 0.25
reactome,SUMOylation Of Transcription Cofactors R-HSA-3899300,-0.9236602964417744,0.7637323787511642,0.9125142868788458,1.0,-1.0849656150885214,0.65587679328208,q > 0.25
reactome,Collagen Chain Trimerization R-HSA-8948216,-0.9233107291038212,0.7634423133362168,-1.1520120995274228,0.6643473218582243,0.9918355741819472,0.8718833127500859,q > 0.25
reactome,Golgi-to-ER Retrograde Transport R-HSA-8856688,-0.922913293664506,0.7632335898267639,-0.8500602080319832,0.8886587950348167,-1.3856617370656803,0.3852118557709243,q > 0.25
reactome,NOTCH4 Intracellular Domain Regulates Transcription R-HSA-9013695,-0.9226790609550468,0.7626498600565313,-1.054667428292408,0.757968799274808,-1.1302864024955683,0.5995337909678302,q > 0.25
reactome,Assembly Of Collagen Fibrils And Other Multimeric Structures R-HSA-2022090,-0.9218636413399668,0.76352678528494,-0.903051791113775,0.87845059214479,0.9832710430668948,0.8631766408523467,q > 0.25
reactome,APC/C:Cdc20 Mediated Degradation Of Cyclin B R-HSA-174048,-0.9213173336196314,0.7637202251012413,0.6570407944763351,1.0,-0.8884611822174361,0.8269708019392435,q > 0.25
reactome,Drug ADME R-HSA-9748784,0.9205877711867472,1.0,0.8972155477253411,1.0,1.3242957075520665,0.4995855815240377,q > 0.25
reactome,Hyaluronan Metabolism R-HSA-2142845,-0.920505445844734,0.7645363166685839,-0.9101398809971404,0.8802501837053578,-1.4564175741842345,0.2927825175571039,q > 0.25
reactome,Gastrin-CREB Signaling Pathway Via PKC And MAPK R-HSA-881907,-0.920078147422982,0.7644078001023157,-0.8744385755117394,0.8774146024817048,-0.9643223813516328,0.7480840349321318,q > 0.25
reactome,Pre-NOTCH Expression And Processing R-HSA-1912422,0.920035053432944,1.0,-1.0054398257229211,0.8159261501889417,-1.023836611049585,0.7150122776543254,q > 0.25
reactome,NoRC Negatively Regulates rRNA Expression R-HSA-427413,0.91992513067192,1.0,0.7774325577922944,1.0,-1.1703666384511882,0.596833313870985,q > 0.25
reactome,ADORA2B Mediated Anti-Inflammatory Cytokine Production R-HSA-9660821,0.919760855658902,1.0,0.9116898650200054,1.0,-1.123852624851008,0.6025022857577776,q > 0.25
reactome,FOXO-mediated Transcription Of Cell Cycle Genes R-HSA-9617828,-0.9186457713671338,0.7668202587751702,0.9008896399092634,1.0,-0.991050863810552,0.7247237067127491,q > 0.25
reactome,PPARA Activates Gene Expression R-HSA-1989781,0.9167061088029133,1.0,0.9421069833692224,1.0,0.8414231202399337,0.9588257073173037,q > 0.25
reactome,Constitutive Signaling By Aberrant PI3K In Cancer R-HSA-2219530,0.9163263558716488,1.0,-0.9026256740206552,0.8779920592839081,-1.0567878483088242,0.6815037746710402,q > 0.25
reactome,Activated NOTCH1 Transmits Signal To Nucleus R-HSA-2122948,-0.9158815095290308,0.772354320589367,-0.8547785544670771,0.8864689596869161,1.1297063855522995,0.7128489151543482,q > 0.25
reactome,Telomere Extension By Telomerase R-HSA-171319,0.9156811985790076,1.0,1.2615598876611314,1.0,-1.0853644644307467,0.6581736428601896,q > 0.25
reactome,Interleukin-12 Signaling R-HSA-9020591,-0.9152143697615992,0.77286208937897,-0.8640880703030236,0.8820710700330603,-0.9801406613233316,0.73468627902762,q > 0.25
reactome,Calnexin/calreticulin Cycle R-HSA-901042,-0.914717183264628,0.7729093691193991,-0.6076654091860582,0.98534277045363,-1.5150679202087267,0.2266382300038654,q > 0.25
reactome,Negative Epigenetic Regulation Of rRNA Expression R-HSA-5250941,0.9145325386900536,1.0,0.7759788064944749,1.0,-1.0638236513299566,0.6741262803055577,q > 0.25
reactome,NCAM1 Interactions R-HSA-419037,0.9144663797815112,1.0,-0.8894180200036056,0.8769767334057218,-0.6632625695692013,0.9852542249018656,q > 0.25
reactome,Diseases Of Metabolism R-HSA-5668914,0.9141041028807924,1.0,0.967182458629366,1.0,1.136320233688706,0.7058652876740216,q > 0.25
reactome,Negative Regulators Of DDX58/IFIH1 Signaling R-HSA-936440,-0.9137302372549918,0.7741779011140926,-0.7914796253547972,0.9283150859875224,1.2748882077187107,0.5609780758146576,q > 0.25
reactome,Signaling By ERBB4 R-HSA-1236394,0.913345194156684,1.0,1.0510887452047026,1.0,0.9493424733634354,0.8627964078491284,q > 0.25
reactome,Epigenetic Regulation Of Gene Expression R-HSA-212165,0.912512497536207,1.0,0.9683527633498512,1.0,-0.9825920008652476,0.7350501897209192,q > 0.25
reactome,Interferon Alpha/Beta Signaling R-HSA-909733,0.912298798513918,1.0,-0.90103254874762,0.8805949617711651,1.7259079860329434,0.0462472020910152,q > 0.25
reactome,DNA Double-Strand Break Repair R-HSA-5693532,-0.9119984232958244,0.7772360181685823,0.8084150920342836,1.0,1.0836875895533946,0.7558229657117611,q > 0.25
reactome,Assembly And Cell Surface Presentation Of NMDA Receptors R-HSA-9609736,0.9119134740230358,1.0,-0.7700974814368632,0.9345981358669292,1.1017612117280997,0.7575600433589207,q > 0.25
reactome,Sphingolipid Metabolism R-HSA-428157,-0.9111624397471628,0.7781277897987097,0.9414597490826404,1.0,0.9775889321815304,0.8579625878205428,q > 0.25
reactome,Transcriptional Regulation By RUNX1 R-HSA-8878171,-0.910061749652184,0.7796784008909027,0.9639280625767084,1.0,-0.9766154915711426,0.7345897253268584,q > 0.25
reactome,Aquaporin-mediated Transport R-HSA-445717,-0.9100305602406776,0.7785957894482255,0.8350794582083406,1.0,-1.0412472141185256,0.7059132314950776,q > 0.25
reactome,NR1H2 And NR1H3-mediated Signaling R-HSA-9024446,0.9098566703500748,1.0,1.0891297802509916,1.0,-1.2870770779064606,0.4798647263216119,q > 0.25
reactome,Processive Synthesis On C-strand Of Telomere R-HSA-174414,-0.9081409726874792,0.7820485595430487,0.8158624435078989,1.0,-0.8619790462254148,0.8591784656835029,q > 0.25
reactome,Unfolded Protein Response (UPR) R-HSA-381119,-0.9077490077622024,0.7818644708579503,-1.0336619654451575,0.7749827048974453,-1.45215202973196,0.2768753268061751,q > 0.25
reactome,Plasma Lipoprotein Assembly R-HSA-8963898,0.9070977509227418,1.0,-0.8698198600920058,0.879956090911251,-1.0409479159784656,0.7051504523197745,q > 0.25
reactome,Transcriptional Regulation Of Pluripotent Stem Cells R-HSA-452723,0.905549611185048,1.0,0.7853710436788436,1.0,1.377739814442631,0.4173426002642166,q > 0.25
reactome,Protein Ubiquitination R-HSA-8852135,-0.9052583595347222,0.78672460751983,-0.7398669048970182,0.9464472768134012,-1.0515432612482751,0.6904820820210954,q > 0.25
reactome,Potential Therapeutics For SARS R-HSA-9679191,0.9049541860936696,1.0,0.9908428625178196,1.0,1.193983949149145,0.6594367339111227,q > 0.25
reactome,Ca-dependent Events R-HSA-111996,0.9047286419348696,1.0,0.8901454209367252,1.0,-0.7696562348486399,0.9481656909857032,q > 0.25
reactome,RHO GTPases Activate PKNs R-HSA-5625740,-0.904490528776039,0.7874124243987578,1.0857588499025332,1.0,1.137343188298084,0.7130540786913357,q > 0.25
reactome,Positive Epigenetic Regulation Of rRNA Expression R-HSA-5250913,0.9032059816185556,1.0,1.052751753213625,1.0,-0.8130221175906607,0.907325613403578,q > 0.25
reactome,Clathrin-mediated Endocytosis R-HSA-8856828,-0.9026334162363492,0.790757402216307,1.021503244091147,1.0,-1.3397862096319264,0.4393070240491133,q > 0.25
reactome,Metabolism Of Steroids R-HSA-8957322,0.9022106861612657,1.0,0.9247877955118546,1.0,1.1532485217543342,0.7017921860979599,q > 0.25
reactome,RIP-mediated NFkB Activation Via ZBP1 R-HSA-1810476,-0.9020890800064996,0.7909225772597348,-0.6789770506320144,0.9721064923524988,-0.9184965269151878,0.7988509276350406,q > 0.25
reactome,WNT5A-dependent Internalization Of FZD4 R-HSA-5099900,0.9013441495007812,1.0,0.906754209548785,1.0,-1.202977607695907,0.5592655253595704,q > 0.25
reactome,PKMTs Methylate Histone Lysines R-HSA-3214841,0.9006821205638429,1.0,1.192568905847021,1.0,0.8338527658719578,0.9670357310157724,q > 0.25
reactome,Signaling By ERBB2 In Cancer R-HSA-1227990,-0.9004957990560581,0.7936444857277593,-0.8577098631569972,0.8854838799904783,-0.980554200858343,0.7349994724657904,q > 0.25
reactome,Eicosanoid Ligand-Binding Receptors R-HSA-391903,-0.8990878227517076,0.7958878945075636,-0.7882694205661512,0.925710133397944,0.7369636876927127,0.9827859372530326,q > 0.25
reactome,Formation Of RNA Pol II Elongation Complex R-HSA-112382,-0.8986260354983295,0.79581446740697,-0.7924094871490713,0.9281327772450724,-1.254898365905984,0.5108245543426871,q > 0.25
reactome,FGFR2 Alternative Splicing R-HSA-6803529,-0.898358971813337,0.795289458266082,1.019558118075912,1.0,-0.989576507115327,0.7273257252840803,q > 0.25
reactome,Response Of Mtb To Phagocytosis R-HSA-9637690,-0.8973623117831294,0.7965494996519211,-0.7543318085436944,0.943789728957758,0.8203666050589318,0.984169056505404,q > 0.25
reactome,GRB2 Events In ERBB2 Signaling R-HSA-1963640,0.8972823558941115,1.0,0.9885279824528294,1.0,-0.7889913901383331,0.9360273413606676,q > 0.25
reactome,VxPx Cargo-Targeting To Cilium R-HSA-5620916,-0.8960678568234464,0.7984679982637989,-0.7481467527042985,0.950525396421512,-1.0205184339394635,0.7151045099449542,q > 0.25
reactome,Formation Of ATP By Chemiosmotic Coupling R-HSA-163210,0.8956201819573366,1.0,1.3128825338090733,1.0,0.729286771896191,0.9746586326582212,q > 0.25
reactome,PKA Activation R-HSA-163615,0.8954574055735675,1.0,0.8359442952496283,1.0,-1.031796531085143,0.7077222366839305,q > 0.25
reactome,TRAF6-mediated Induction Of TAK1 Complex Within TLR4 Complex R-HSA-937072,0.8950919395320577,1.0,0.760838878980775,1.0,-1.08321379293334,0.652504069045163,q > 0.25
reactome,TRAF3-dependent IRF Activation Pathway R-HSA-918233,-0.8949065788812759,0.8000482723514077,-1.0415034849830171,0.7726401452194562,1.1811430863173755,0.6740359038251814,q > 0.25
reactome,"Respiratory Electron Transport, ATP Synthesis By Chemiosmotic Coupling, Heat Production By Uncoupling Proteins R-HSA-163200",0.8948767810135448,1.0,1.1575266931202763,1.0,-0.738563854018614,0.9691335487051744,q > 0.25
reactome,Post NMDA Receptor Activation Events R-HSA-438064,-0.8943062911875521,0.8003199636198468,-0.93348744865974,0.8738894620787729,-1.0157626379598188,0.7073257391988713,q > 0.25
reactome,PI3K/AKT Signaling In Cancer R-HSA-2219528,0.8939701210995672,1.0,-0.9219358631498528,0.8911004916739763,-1.01706183974587,0.7111334081693242,q > 0.25
reactome,Glutathione Conjugation R-HSA-156590,-0.893653088142288,0.800756498146391,-0.9155020899921016,0.8853630419557182,1.5287981492408484,0.1969305741622105,q > 0.25
reactome,Signaling By ERBB2 KD Mutants R-HSA-9664565,0.893492212696619,1.0,0.9905018603324454,1.0,0.7269026381898439,0.974412299621111,q > 0.25
reactome,Neddylation R-HSA-8951664,0.8930471077324049,0.9995188855810836,0.9117164616382782,1.0,-1.01764486147583,0.7110094092499352,q > 0.25
reactome,PI-3K cascade:FGFR1 R-HSA-5654689,-0.892195266375,0.8030507883019904,-1.0700563125798694,0.7351951587786735,-1.3238994855039288,0.4486896145532435,q > 0.25
reactome,Synthesis Of PA R-HSA-1483166,-0.8921264065271872,0.8020472426866031,-0.8339194419066867,0.9084729360255246,0.9235174914835385,0.8835885595316889,q > 0.25
reactome,Signaling By Activin R-HSA-1502540,-0.8915705089454625,0.802197728853266,-0.6815713332002602,0.971565544306894,-0.8960815280355534,0.8174119658109197,q > 0.25
reactome,Vasopressin Regulates Renal Water Homeostasis Via Aquaporins R-HSA-432040,-0.8912619837766471,0.8017714151236334,0.8173282413422618,1.0,-1.0373786269529073,0.7027823383207247,q > 0.25
reactome,Gap Junction Trafficking And Regulation R-HSA-157858,0.8904080093608733,1.0,0.7976885318873961,1.0,-1.0432741496440074,0.7032961823716607,q > 0.25
reactome,Collagen Biosynthesis And Modifying Enzymes R-HSA-1650814,-0.8898072365600327,0.8040481701048174,-1.103181296454444,0.7013798027116621,1.0263724268733627,0.8367000566506198,q > 0.25
reactome,RAB GEFs Exchange GTP For GDP On RABs R-HSA-8876198,0.8895472040308894,1.0,-0.7473463922994436,0.9502255155615738,-1.1386546372783342,0.6000224587786634,q > 0.25
reactome,Amyloid Fiber Formation R-HSA-977225,0.8890164537624846,0.9978218809356004,0.8063100154007217,1.0,1.5890281161696127,0.1360275685916481,q > 0.25
reactome,Anchoring Of Basal Body To Plasma Membrane R-HSA-5620912,0.8884272966720618,0.9949659184595276,0.995133387301226,1.0,-1.2160542884149237,0.5554406419878223,q > 0.25
reactome,Transcription Of HIV Genome R-HSA-167172,-0.8882681872416572,0.8065728050791263,-1.0090218370905324,0.8128840003271478,-1.4918736783698126,0.260307867142811,q > 0.25
reactome,ABC Transporter Disorders R-HSA-5619084,-0.8878372203515005,0.8064419709205661,-0.6926340148060496,0.9697790284000632,0.8955602064648149,0.9194611535396306,q > 0.25
reactome,PI-3K cascade:FGFR4 R-HSA-5654720,-0.8876188575432689,0.8057935715921113,-1.0440779872622072,0.7726323721119923,-1.1312663853167009,0.5984250950685491,q > 0.25
reactome,Deactivation Of Beta-Catenin Transactivating Complex R-HSA-3769402,0.887318199847083,0.9937273698063024,0.9038544856510468,1.0,0.8027958208479984,0.9707346437289168,q > 0.25
reactome,Nucleotide Catabolism R-HSA-8956319,-0.8871765760577297,0.8056549207416567,-1.124387153004423,0.6743172117322488,-1.232425360202846,0.5477983815312488,q > 0.25
reactome,Chemokine Receptors Bind Chemokines R-HSA-380108,0.8867858384514739,0.9907671336187378,0.539232110273479,0.9948356968718882,-0.9343718199465662,0.7736035953479805,q > 0.25
reactome,FGFR1 Mutant Receptor Activation R-HSA-1839124,0.8845969667111916,0.9926313637400688,-0.907020142342186,0.879006730759897,0.8892900796168934,0.914007993975874,q > 0.25
reactome,Signaling By FGFR1 In Disease R-HSA-5655302,0.8844185621970356,0.9886445722706548,-0.7936610306399989,0.9286716864313032,0.8957731776259202,0.9222376154622944,q > 0.25
reactome,Intra-Golgi Traffic R-HSA-6811438,0.8830825063601266,0.988139828273754,0.8498774611751505,1.0,-1.2320015146807224,0.5466394681440881,q > 0.25
reactome,Kinesins R-HSA-983189,0.8830340008013461,0.9838645280560664,1.0959111584117065,1.0,-0.8512894371125644,0.8707510539179235,q > 0.25
reactome,KEAP1-NFE2L2 Pathway R-HSA-9755511,-0.882823038038692,0.8147878670701935,0.794678991169269,1.0,1.3562837526339662,0.444275394936886,q > 0.25
reactome,Resolution Of Sister Chromatid Cohesion R-HSA-2500257,-0.8816756018957548,0.8163905370755717,1.067845522031942,1.0,-1.1492529559035962,0.5967525193427896,q > 0.25
reactome,DNA Repair R-HSA-73894,-0.879932758106007,0.8192724707806168,0.9038253214921042,1.0,0.9244306659519996,0.8876983980392587,q > 0.25
reactome,Synaptic Adhesion-Like Molecules R-HSA-8849932,-0.8785932365963092,0.8212488691471963,-1.153173580384752,0.6630717428959403,0.9880785241418808,0.8675969937684099,q > 0.25
reactome,EPH-ephrin Mediated Repulsion Of Cells R-HSA-3928665,0.8778971579366319,0.9941166135875752,-0.9619625095131596,0.8466852540442312,-1.0769558414750025,0.655738863235122,q > 0.25
reactome,Chondroitin Sulfate Biosynthesis R-HSA-2022870,-0.8768453535106285,0.824127747499054,-0.9795859600278676,0.8333649331184522,-0.7629046958820734,0.9486764599216368,q > 0.25
reactome,Lysosome Vesicle Biogenesis R-HSA-432720,-0.8754988616871378,0.8260394725981918,0.7645871835915248,1.0,-1.2092907055341195,0.5623437549678739,q > 0.25
reactome,Vitamin B5 (Pantothenate) Metabolism R-HSA-199220,0.8754065076867675,0.9968022089458992,1.049547274913931,1.0,-0.7792354314607254,0.9440528278531772,q > 0.25
reactome,Energy Dependent Regulation Of mTOR By LKB1-AMPK R-HSA-380972,0.87441812831382,0.9951939943980918,1.1279214196831382,1.0,-0.961601230034225,0.7499053865671599,q > 0.25
reactome,RHO GTPases Activate CIT R-HSA-5625900,-0.8688161930207032,0.8403851450059727,0.7383467398783715,1.0,0.8880473441762795,0.9142688269401412,q > 0.25
reactome,PI-3K cascade:FGFR2 R-HSA-5654695,-0.8683002028334864,0.8404007231093391,-1.0257146382557851,0.7892322800886763,-1.21625906882618,0.5571453760019119,q > 0.25
reactome,PI-3K cascade:FGFR3 R-HSA-5654710,-0.8673508626749001,0.8414235025706094,-1.0096640385759266,0.8128659399106692,-1.1435892116043187,0.5985327962152466,q > 0.25
reactome,"Interleukin-3, Interleukin-5 And GM-CSF Signaling R-HSA-512988",0.8671110356735882,1.0,-0.8612932986341149,0.8843613959682686,0.9228031382854625,0.8823644582176651,q > 0.25
reactome,"Nucleotide-binding Domain, Leucine Rich Repeat Containing NLR Signaling Pathways R-HSA-168643",0.8643398792503993,1.0,0.999281039181192,1.0,-1.0200938845087486,0.7132452905823193,q > 0.25
reactome,Signaling By ERBB2 ECD Mutants R-HSA-9665348,-0.8642605928611269,0.8472977544102896,-0.710280603588603,0.968759409056418,0.7106464114363958,0.9733824259010152,q > 0.25
reactome,FGFR2 Mutant Receptor Activation R-HSA-1839126,-0.8642282835353001,0.8461756040454863,-0.8067992481869292,0.9226197939789144,-1.2034114205652826,0.562390953102307,q > 0.25
reactome,Antigen processing-Cross Presentation R-HSA-1236975,-0.8641653812864629,0.845127432646123,-0.7847497611112425,0.923591232312107,-0.8594554684502015,0.8611336473208012,q > 0.25
reactome,RND2 GTPase Cycle R-HSA-9696270,-0.8638973116492212,0.8445422764222432,0.8076024548794624,1.0,-1.1429395774024584,0.5985920220951259,q > 0.25
reactome,MAPK6/MAPK4 Signaling R-HSA-5687128,-0.8633150388968693,0.8447074051897365,0.9892913992381736,1.0,-1.119406914213317,0.6084331101498739,q > 0.25
reactome,RND1 GTPase Cycle R-HSA-9696273,-0.8631204350071662,0.8439830432635174,0.8688650715246931,1.0,-0.9444097907945036,0.7631459358888099,q > 0.25
reactome,RNA Polymerase II Pre-transcription Events R-HSA-674695,-0.8617241619811024,0.8459928961902473,-0.8927640228858038,0.8775003947963506,-1.2881881823206445,0.4791797479534827,q > 0.25
reactome,Phase II - Conjugation Of Compounds R-HSA-156580,-0.8611927673813318,0.8460308557114814,-0.823969451451299,0.9179884302778384,1.5530442816987202,0.1751872551375279,q > 0.25
reactome,Azathioprine ADME R-HSA-9748787,0.8601295714915422,1.0,0.7371293131843646,1.0,-0.8976864632688581,0.8147860342685211,q > 0.25
reactome,Dopamine Neurotransmitter Release Cycle R-HSA-212676,-0.8600376879007694,0.8474554464426718,-0.785572451023936,0.923607398144646,0.9748185085854468,0.8632520237731112,q > 0.25
reactome,Gap Junction Assembly R-HSA-190861,-0.8580770465325775,0.8505961347129488,-0.672650840715754,0.9737009914127812,-1.5486197457774673,0.2106733050217308,q > 0.25
reactome,RNA Polymerase III Transcription Initiation From Type 3 Promoter R-HSA-76071,-0.8575254966972047,0.8506601783679458,-0.9778829524605804,0.8292458521574405,-1.497233688657622,0.2506243568474744,q > 0.25
reactome,Negative Regulation Of MET Activity R-HSA-6807004,-0.8563836517104866,0.8520700292492223,-0.8278767440346688,0.9127564680051888,-0.8483518956797548,0.8720917018999123,q > 0.25
reactome,CD209 (DC-SIGN) Signaling R-HSA-5621575,-0.8561551657063683,0.8514080026506238,-0.8797808517448543,0.8744947578520088,1.0722101936021924,0.7907611141727802,q > 0.25
reactome,Protein Localization R-HSA-9609507,0.8560142642704044,1.0,1.065699746288296,1.0,0.7661606388968801,0.9680969817341182,q > 0.25
reactome,Signaling By NTRK2 (TRKB) R-HSA-9006115,-0.855654677320489,0.851346066510161,-0.9593285223565426,0.8525709771419921,-0.7611020008433984,0.9486234382473928,q > 0.25
reactome,Carboxyterminal Post-Translational Modifications Of Tubulin R-HSA-8955332,-0.8542704341125225,0.8533101493016044,-0.7563087253719054,0.942433102149097,0.7314064251264314,0.9833491247248428,q > 0.25
reactome,Synthesis Of Glycosylphosphatidylinositol (GPI) R-HSA-162710,0.8517662037553866,1.0,0.7627031788780809,1.0,-0.931678803377937,0.7779503792419068,q > 0.25
reactome,Aberrant Regulation Of Mitotic Cell Cycle Due To RB1 Defects R-HSA-9687139,-0.8514844787801347,0.8583439998035762,-0.8301868508905205,0.909350360545596,-1.0688412692515894,0.666204855379411,q > 0.25
reactome,XBP1(S) Activates Chaperone Genes R-HSA-381038,-0.8505934913641408,0.8590932477421921,-0.8156359737334739,0.9207516921953852,-1.5887655622807322,0.183808961698254,q > 0.25
reactome,MicroRNA (miRNA) Biogenesis R-HSA-203927,-0.8502401645869813,0.8586598730585162,-0.847438252520352,0.8931331186715781,-1.3386359871200275,0.4365351568703641,q > 0.25
reactome,Mitochondrial Calcium Ion Transport R-HSA-8949215,-0.8488826986819187,0.8604929490949798,-0.8913566958241155,0.8765615663272683,0.6383468791809972,0.9837188250330916,q > 0.25
reactome,HDR Thru Homologous Recombination (HRR) R-HSA-5685942,-0.8484411239649818,0.8602865319146658,0.94871152822301,1.0,1.1870140781530014,0.6714931303434187,q > 0.25
reactome,Regulation Of Gene Expression In Late Stage (Branching Morphogenesis) Pancreatic Bud Precursor Cells R-HSA-210744,-0.8482329866724694,0.8595731558833021,-0.986694213543008,0.8288097635026628,-1.2035684766698131,0.5641877461041173,q > 0.25
reactome,Prolactin Receptor Signaling R-HSA-1170546,0.8477336065158331,1.0,1.0030938323807537,1.0,0.9692916365495824,0.8580225471193379,q > 0.25
reactome,Synthesis Of IP3 And IP4 In Cytosol R-HSA-1855204,0.8473291057381619,1.0,1.0910998456204568,1.0,1.306709665300483,0.5055347521216612,q > 0.25
reactome,FOXO-mediated Transcription R-HSA-9614085,-0.8467775029647829,0.8615295678257138,1.234237237883879,1.0,-0.8213238951302023,0.9016111884341071,q > 0.25
reactome,Signaling By FGFR In Disease R-HSA-1226099,0.8460460466517828,1.0,0.8782645006593561,1.0,-0.9215914681569964,0.7975045438911018,q > 0.25
reactome,RAB Geranylgeranylation R-HSA-8873719,-0.8455820699968378,0.8629849320362931,-0.9213590842127204,0.8892959424040922,-0.8120020971889377,0.9079908806892542,q > 0.25
reactome,Nuclear Events Mediated By NFE2L2 R-HSA-9759194,-0.8448384707444605,0.8634034020908757,0.860973023132198,1.0,1.4884985339837606,0.2436120222822493,q > 0.25
reactome,E3 Ubiquitin Ligases Ubiquitinate Target Proteins R-HSA-8866654,0.8438410472442992,1.0,0.9774789121608596,1.0,-0.9094157169007407,0.8074274305795509,q > 0.25
reactome,Inositol Phosphate Metabolism R-HSA-1483249,0.8429267101625171,1.0,0.9069502698752292,1.0,1.1140561511314182,0.7407066946695898,q > 0.25
reactome,RORA Activates Gene Expression R-HSA-1368082,0.8423349380063144,1.0,1.0053815911568666,1.0,0.8431568486382626,0.9578836811968028,q > 0.25
reactome,Activation Of BH3-only Proteins R-HSA-114452,-0.84165158733749,0.8690268578831006,-0.6514283650515013,0.9794929261568528,0.927132054285404,0.8863839062456934,q > 0.25
reactome,G Alpha (Z) Signaling Events R-HSA-418597,-0.84002836977999,0.8712880315963898,0.8127311847884353,1.0,-1.2767831199134905,0.4822983975489168,q > 0.25
reactome,Arachidonic Acid Metabolism R-HSA-2142753,0.8395800534292001,1.0,-0.9093451481142072,0.8775800723321888,1.8120335339005007,0.016327650691288,q > 0.25
reactome,Glucagon Signaling In Metabolic Regulation R-HSA-163359,0.8394540373293526,1.0,0.8756891457591643,1.0,-1.03655763744424,0.7004066245287812,q > 0.25
reactome,Nitric Oxide Stimulates Guanylate Cyclase R-HSA-392154,-0.8387647398783291,0.8727818207270963,-0.8671597462774313,0.8819043173834273,-0.8863866961382305,0.8268970669382939,q > 0.25
reactome,Activation Of NMDA Receptors And Postsynaptic Events R-HSA-442755,-0.8382548640740846,0.8727081257955551,-0.9212391075788572,0.8879345563143121,-0.8720377533769126,0.8433272268064775,q > 0.25
reactome,RUNX1 Interacts With Co-Factors Whose Precise Effect On RUNX1 Targets Is Not Known R-HSA-8939243,0.8382320363785118,1.0,-0.8840874667352147,0.8785151790901726,-0.981550731099996,0.7336954880029871,q > 0.25
reactome,MHC Class II Antigen Presentation R-HSA-2132295,0.8379556627746814,1.0,1.0750526637474502,1.0,-1.4356559600504928,0.2942203529910588,q > 0.25
reactome,Miscellaneous Transport And Binding Events R-HSA-5223345,-0.8373205000072039,0.8734571127935006,-0.9561480755460507,0.8493396154147161,-1.2729454605059174,0.4837577206877922,q > 0.25
reactome,Inactivation Of CSF3 (G-CSF) Signaling R-HSA-9705462,0.8357215227195507,1.0,0.7664243508303719,1.0,1.416427974947321,0.3519745001081845,q > 0.25
reactome,Cellular Response To Chemical Stress R-HSA-9711123,0.8354305613494695,1.0,0.9019044894796208,1.0,1.2652883199992992,0.5649854750389327,q > 0.25
reactome,GLI3 Is Processed To GLI3R By Proteasome R-HSA-5610785,-0.8340296984077982,0.8791311115401835,0.7088091797634994,1.0,-1.0158317123975131,0.7086332058912056,q > 0.25
reactome,B-WICH Complex Positively Regulates rRNA Expression R-HSA-5250924,0.8336880245287774,1.0,0.9135058845944596,1.0,-0.7196328026340458,0.9747485465262355,q > 0.25
reactome,Downstream Signal Transduction R-HSA-186763,-0.8335336016191099,0.8789472988892502,0.7400071968698821,1.0,-0.7673000831592803,0.9477039707990486,q > 0.25
reactome,Translesion Synthesis By POLK R-HSA-5655862,-0.8326535069923964,0.8795514004607967,0.7793854783328383,1.0,1.1678448746862216,0.6971826289394888,q > 0.25
reactome,Signaling By SCF-KIT R-HSA-1433557,0.8322485842878193,1.0,-0.8305618379495013,0.91136704913127,0.9909403998270948,0.8706661264016929,q > 0.25
reactome,GABA Receptor Activation R-HSA-977443,-0.8316974518239397,0.8802641877357166,0.7672366918553554,1.0,-0.949087689411606,0.7602582832932959,q > 0.25
reactome,Citric Acid (TCA) Cycle And Respiratory Electron Transport R-HSA-1428517,0.831013825054615,1.0,1.1094633838514782,1.0,-0.7713124413755545,0.9483198309156828,q > 0.25
reactome,Glycerophospholipid Biosynthesis R-HSA-1483206,-0.829883388109619,0.8827564429428787,-0.8075269494977367,0.9225941197641904,0.8034301133801093,0.975489388837569,q > 0.25
reactome,Trafficking Of GluR2-containing AMPA Receptors R-HSA-416993,0.8289088445469199,1.0,0.7997052955192165,1.0,-1.0588053633925905,0.6789110585208789,q > 0.25
reactome,Activation Of GABAB Receptors R-HSA-991365,0.8289036339996811,1.0,0.7766864294481859,1.0,-1.080087419775615,0.651663971533463,q > 0.25
reactome,InlB-mediated Entry Of Listeria Monocytogenes Into Host Cell R-HSA-8875360,-0.8282394724352586,0.884926764444806,-0.7221937056196767,0.9584126564279748,-1.3411299773205687,0.4381993840036626,q > 0.25
reactome,mRNA Decay By 3 To 5 Exoribonuclease R-HSA-429958,0.8273678154904189,1.0,0.564618129129107,0.9992107494587972,-0.773295699555452,0.9479848015162884,q > 0.25
reactome,TBC/RABGAPs R-HSA-8854214,0.82706402205033,1.0,-0.7871019256567606,0.9223968186144028,-1.293068596586403,0.477735117078745,q > 0.25
reactome,Negative Regulation Of NMDA Receptor-Mediated Neuronal Transmission R-HSA-9617324,-0.8259484765799459,0.8883709409502583,-1.1729194804310663,0.6363988156889347,-0.9353834038654946,0.7775348025154102,q > 0.25
reactome,Cyclin D Associated Events In G1 R-HSA-69231,-0.8246699264463744,0.8896675444083239,-0.8519710856429392,0.8899748631178898,-0.7690880483274996,0.947699038020244,q > 0.25
reactome,Signaling By FGFR2 In Disease R-HSA-5655253,0.8232400128615405,1.0,0.8399607842246644,1.0,-1.208561221109404,0.5599477874529446,q > 0.25
reactome,NOTCH3 Intracellular Domain Regulates Transcription R-HSA-9013508,-0.8231628665289661,0.8914657117589551,-0.964543806045752,0.8463483390077777,1.1401003083396142,0.7199516448953098,q > 0.25
reactome,TRAF6 Mediated IRF7 Activation R-HSA-933541,-0.8227629542936711,0.8910613479615422,-0.9954453741194828,0.817779172937831,1.4826640493944203,0.2500069445729134,q > 0.25
reactome,tRNA Modification In Nucleus And Cytosol R-HSA-6782315,-0.8226198055508745,0.8901490802201244,-0.9945391716885568,0.8185372142910745,-0.9024530898256672,0.8094027663283144,q > 0.25
reactome,Aberrant Regulation Of Mitotic G1/S Transition In Cancer Due To RB1 Defects R-HSA-9659787,0.8218775956812759,1.0,-0.7770924764215055,0.9265944968494344,-0.9052976286445806,0.8074803701554778,q > 0.25
reactome,Defective Pyroptosis R-HSA-9710421,0.8216379979919892,1.0,1.0354669982170246,1.0,-0.5516574540376246,0.9979428005942612,q > 0.25
reactome,GPVI-mediated Activation Cascade R-HSA-114604,-0.8215247442890224,0.8911486095841368,-1.0328242053751064,0.775518690379483,0.970741809464078,0.857036880433393,q > 0.25
reactome,Presynaptic Phase Of Homologous DNA Pairing And Strand Exchange R-HSA-5693616,-0.821220165046053,0.8905584741482694,0.6878986548260658,1.0,1.1208731164712231,0.7381432336027758,q > 0.25
reactome,Signaling By KIT In Disease R-HSA-9669938,-0.8200825046304074,0.8915770137036407,-0.887613371151312,0.8770705770086132,1.2711697058513507,0.5593070983617237,q > 0.25
reactome,Defective Intrinsic Pathway For Apoptosis R-HSA-9734009,-0.8200668706712332,0.8904199179417307,1.076315276544516,1.0,-0.8251177788714271,0.9017749331391072,q > 0.25
reactome,Class A/1 (Rhodopsin-like Receptors) R-HSA-373076,0.8186315658569066,1.0,-0.6045088081993075,0.9849861251293488,1.245862485460601,0.6038498832482861,q > 0.25
reactome,Pausing And Recovery Of Tat-mediated HIV Elongation R-HSA-167238,-0.8185086237008755,0.8922480519588785,0.8192607934843844,1.0,-1.3939075812409687,0.3710805672590456,q > 0.25
reactome,Homologous DNA Pairing And Strand Exchange R-HSA-5693579,-0.8176033994637053,0.8928063771634162,0.6849498489894357,1.0,1.1012928379747755,0.7489638824952902,q > 0.25
reactome,Phosphorylation Of APC/C R-HSA-176412,-0.8174394516772975,0.8919399758979435,0.7232433206125347,1.0,-0.9317146733661228,0.779178703222297,q > 0.25
reactome,TNF Signaling R-HSA-75893,-0.8167530391210585,0.8921073755642298,-0.8149914012921892,0.9205975005333789,0.9354872105270188,0.870944135225732,q > 0.25
reactome,Signaling By Hedgehog R-HSA-5358351,-0.815933408746039,0.8924716173437802,0.8079927490619876,1.0,-1.3282616004061294,0.4440117361490018,q > 0.25
reactome,Cargo Trafficking To Periciliary Membrane R-HSA-5620920,-0.8155882303434218,0.8919818708917477,0.9351394837371808,1.0,-1.2906905910742636,0.4796340003417273,q > 0.25
reactome,RHOU GTPase Cycle R-HSA-9013420,0.8145953148605461,1.0,0.8574996923697223,1.0,-0.946715710941993,0.761211118029835,q > 0.25
reactome,HSP90 Chaperone Cycle For Steroid Hormone Receptors (SHR) In Presence Of Ligand R-HSA-3371497,-0.8141577091161281,0.8935225498177611,0.9213826288954008,1.0,0.806660108480418,0.9722308432009684,q > 0.25
reactome,Hedgehog Off State R-HSA-5610787,0.8134838964561913,1.0,0.8659131240019854,1.0,-1.1947849016520111,0.564890446721446,q > 0.25
reactome,Regulation Of TNFR1 Signaling R-HSA-5357905,-0.8115747408446206,0.8971861143320762,-0.7764460093575084,0.9262914004621544,1.0854819608394213,0.7592104952739898,q > 0.25
reactome,Myogenesis R-HSA-525793,-0.8112337550064213,0.8966593900329486,-0.8868791626568973,0.8774591168713793,-0.861897465465461,0.8580660949633838,q > 0.25
reactome,Signaling By FGFR2 IIIa TM R-HSA-8851708,-0.8109570414742878,0.8959770363163522,-0.7828384443044352,0.9254041618654424,-1.1551306158108847,0.6044808869779049,q > 0.25
reactome,Constitutive Signaling By AKT1 E17K In Cancer R-HSA-5674400,-0.810766073743262,0.8951563475622586,0.7452500179475838,1.0,-1.0921065504404892,0.6487127817033934,q > 0.25
reactome,Metabolism Of Cofactors R-HSA-8978934,-0.8086838630960812,0.8978156363443331,-0.8863555831832245,0.8772949255602474,-0.8023749460657821,0.9206075781901872,q > 0.25
reactome,RNA Polymerase III Transcription Initiation From Type 2 Promoter R-HSA-76066,0.8074649927530543,1.0,-0.6248476071225306,0.9834797864871404,-1.3090587122994242,0.456092318030353,q > 0.25
reactome,Extension Of Telomeres R-HSA-180786,-0.8067446133076838,0.9002024951607877,0.8191617509090128,1.0,-0.9494484160661106,0.7606296232542114,q > 0.25
reactome,Regulation Of TP53 Activity Thru Acetylation R-HSA-6804758,0.8045703960281511,1.0,1.007162827389022,1.0,-0.7508228265473188,0.9582049078364973,q > 0.25
reactome,Formation Of HIV-1 Elongation Complex Containing HIV-1 Tat R-HSA-167200,-0.8044395438210642,0.9031953302289012,0.7189796013824116,1.0,-1.4447798352870802,0.2830684376608019,q > 0.25
reactome,Nucleotide Salvage R-HSA-8956321,-0.8036261053689125,0.9034754386079554,-0.6492227226212357,0.97934647674793,-1.292471233761606,0.4768868000299264,q > 0.25
reactome,Respiratory Electron Transport R-HSA-611105,0.8034390074610746,1.0,1.0104769101124942,1.0,-0.790505880732875,0.9360787405544396,q > 0.25
reactome,cGMP Effects R-HSA-418457,-0.8027417605304906,0.9038804024884596,-0.904093240958158,0.8772466947728216,-0.9081402061838167,0.8067721844446026,q > 0.25
reactome,Regulation Of TP53 Activity Thru Phosphorylation R-HSA-6804756,-0.8024993399027642,0.9031352809569274,0.8366829550062453,1.0,0.9814319811697294,0.8493445430501182,q > 0.25
reactome,ERBB2 Regulates Cell Motility R-HSA-6785631,0.8022004634412833,1.0,0.8606455619550962,1.0,0.6527739661298911,0.9832880431601826,q > 0.25
reactome,HIV Elongation Arrest And Recovery R-HSA-167287,-0.8014789881848069,0.903788683196086,0.8084230284668944,1.0,-1.398112664171275,0.3692389699535228,q > 0.25
reactome,"BMAL1:CLOCK,NPAS2 Activates Circadian Gene Expression R-HSA-1368108",-0.8003535782911362,0.904579792128673,-0.8558576160851644,0.8868500501952874,-0.765883992130778,0.9484062760342056,q > 0.25
reactome,"Antigen Presentation: Folding, Assembly, Peptide Loading Of Class I MHC R-HSA-983170",-0.8000841502026289,0.9039092053102596,-0.9711139310816927,0.8417652767233935,-0.9799177756268096,0.7324925593082361,q > 0.25
reactome,HIV Transcription Initiation R-HSA-167161,0.799655771918869,1.0,-0.7410687761399599,0.9488665953144132,-1.1666119150991348,0.5957150747892198,q > 0.25
reactome,RHOV GTPase Cycle R-HSA-9013424,-0.7994008677001145,0.9039282511882224,0.8356477079073205,1.0,-0.9799758547085228,0.7337297652184239,q > 0.25
reactome,"GABA Synthesis, Release, Reuptake And Degradation R-HSA-888590",-0.7984715080582713,0.9043481228186117,-0.8811882073023416,0.8768223642755337,0.7310290785488918,0.9810253081500792,q > 0.25
reactome,Diseases Of Mitotic Cell Cycle R-HSA-9675126,-0.7975607129993403,0.9047559608192184,-0.7778127554787236,0.9267797938330912,-1.0024911412206503,0.7177141099956719,q > 0.25
reactome,Peptide Hormone Metabolism R-HSA-2980736,-0.796274454159434,0.905759044494162,-0.8814700427118447,0.8790753573568859,-0.8463025775095545,0.872679718086257,q > 0.25
reactome,HDMs Demethylate Histones R-HSA-3214842,0.7955550227787249,1.0,0.8513802420999492,1.0,-1.1543633747211,0.6028469812109291,q > 0.25
reactome,Mitochondrial Translation Termination R-HSA-5419276,0.7954138214887497,1.0,0.6950092662048389,1.0,-0.806101002968288,0.9151298093176816,q > 0.25
reactome,Initiation Of Nuclear Envelope (NE) Reformation R-HSA-2995383,-0.7944447134740563,0.9077201804129792,1.1454113992682216,1.0,0.8926995145558082,0.9143270410817133,q > 0.25
reactome,Tie2 Signaling R-HSA-210993,-0.794091696144368,0.907135800241819,-0.7415868931790155,0.9508297834073608,-0.8239854498361817,0.9014433222656322,q > 0.25
reactome,Cyclin A/B1/B2 Associated Events During G2/M Transition R-HSA-69273,-0.7919015291484719,0.9096685114423244,0.7418301772102016,1.0,-0.6718361296980832,0.9843026364769834,q > 0.25
reactome,RNA Polymerase III Transcription Initiation R-HSA-76046,-0.791820992318479,0.9086367528620216,-0.8776087827237625,0.8740727173570885,-1.4544358074732713,0.2874058142776763,q > 0.25
reactome,Regulation Of TP53 Activity R-HSA-5633007,-0.7905859027803096,0.9095393424892948,0.9098527576265516,1.0,-0.9547554200468646,0.7587110314272373,q > 0.25
reactome,mRNA Capping R-HSA-72086,-0.7899006098440934,0.909529258889072,-0.9060680441691472,0.8767673057069636,-1.360643620184227,0.4204664360238431,q > 0.25
reactome,Deregulated CDK5 Triggers Neurodegenerative Pathways In Alzheimers Disease Models R-HSA-8862803,-0.7895776910722977,0.9089033162547688,1.1202506592948605,1.0,-0.8712677487796244,0.843857911536619,q > 0.25
reactome,Formation Of HIV Elongation Complex In Absence Of HIV Tat R-HSA-167152,-0.7895632540208395,0.9077684950167146,0.7119242801399603,1.0,-1.4415653930447874,0.2880134636916463,q > 0.25
reactome,Removal Of Flap Intermediate From C-strand R-HSA-174437,-0.786749868889506,0.9111821297250512,0.8711124643513363,1.0,-0.8185464590336616,0.9018536514953728,q > 0.25
reactome,"Inactivation, Recovery And Regulation Of Phototransduction Cascade R-HSA-2514859",-0.7866389666556919,0.9101991502552664,0.7453731558670422,1.0,-1.4451529259021765,0.2852267929323712,q > 0.25
reactome,Purine Catabolism R-HSA-74259,-0.7858902202403522,0.9102436365609158,-0.6568235367213942,0.9779279450814916,-1.2779665531290196,0.4812501319038265,q > 0.25
reactome,Defects In Vitamin And Cofactor Metabolism R-HSA-3296482,0.785543702253398,1.0,0.9108499062254846,1.0,0.8663584594471719,0.9377983211811624,q > 0.25
reactome,Rap1 Signaling R-HSA-392517,0.7848659304311973,1.0,1.0123686577569,1.0,-1.1405474427328135,0.598161705329557,q > 0.25
reactome,Synthesis Of Very Long-Chain Fatty acyl-CoAs R-HSA-75876,-0.7839321090986343,0.9122068380210926,-0.7973745228987882,0.9248452648570592,0.9876613485160932,0.8647953995437517,q > 0.25
reactome,Meiotic Recombination R-HSA-912446,0.7835383389601237,1.0,0.8426306459670326,1.0,0.9837469391857324,0.8697768748696157,q > 0.25
reactome,Mitochondrial Protein Import R-HSA-1268020,-0.7834283283101637,0.9118303263658226,0.6756222199718686,1.0,-1.0129999579232225,0.7061209936516314,q > 0.25
reactome,Selective Autophagy R-HSA-9663891,0.7833661471369765,1.0,0.7764975828089224,1.0,-1.3973829687340176,0.3678417593514963,q > 0.25
reactome,Defective Homologous Recombination Repair (HRR) Due To BRCA2 Loss Of Function R-HSA-9701190,-0.7820431571298724,0.91285855771241,0.6589989137235859,1.0,1.09551059550048,0.7444906919816018,q > 0.25
reactome,RHO GTPases Activate PAKs R-HSA-5627123,0.7815499212200628,1.0,0.977936845972296,1.0,-1.098361159432122,0.6423504487407008,q > 0.25
reactome,Apoptotic Factor-Mediated Response R-HSA-111471,0.780867548710128,1.0,-0.7430881879254096,0.9516205569174702,-0.8511648037241167,0.8697180909857642,q > 0.25
reactome,SUMOylation Of Intracellular Receptors R-HSA-4090294,-0.7805208539752841,0.9140926462306652,-0.7287011110287782,0.9540458282681477,1.0330664633087134,0.8365074524867672,q > 0.25
reactome,STING Mediated Induction Of Host Immune Responses R-HSA-1834941,0.7802680037038865,1.0,1.010374217449647,1.0,-0.5498005856123512,0.9968478869588774,q > 0.25
reactome,SIRT1 Negatively Regulates rRNA Expression R-HSA-427359,0.7798828580800574,1.0,0.8194112492235752,1.0,0.6687522491066796,0.991385232375104,q > 0.25
reactome,Signaling By FGFR3 In Disease R-HSA-5655332,-0.7797189650542237,0.9141694259296956,-0.8303753955617863,0.9103559578710608,-0.95072744261317,0.7598837700343386,q > 0.25
reactome,CD28 Dependent PI3K/Akt Signaling R-HSA-389357,-0.7788833707133616,0.9143476603754632,-1.163170398703801,0.6433771084989345,0.7618326691577426,0.9658433560254754,q > 0.25
reactome,RNA Polymerase III Transcription Initiation From Type 1 Promoter R-HSA-76061,0.7783042467605581,1.0,-0.6186001474279498,0.984427965447774,-1.2758248488487949,0.482718381516979,q > 0.25
reactome,Chromosome Maintenance R-HSA-73886,0.7769990863471595,1.0,1.1614617730177308,1.0,-0.8742806891359111,0.8393547656894818,q > 0.25
reactome,Insulin Processing R-HSA-264876,-0.7767785625843798,0.916390571930478,-0.9221105104760868,0.892307487193954,-1.0002749378022584,0.7165234208208194,q > 0.25
reactome,TCR Signaling R-HSA-202403,-0.7760612681589669,0.91631545828057,0.9071965123292018,1.0,0.8812406093019849,0.9203340003502128,q > 0.25
reactome,GAB1 Signalosome R-HSA-180292,-0.7741111764986693,0.9180426962608262,0.7078387769697244,1.0,-1.3440622410607808,0.4323183642510021,q > 0.25
reactome,Diseases Of Programmed Cell Death R-HSA-9645723,0.7733782421393911,1.0,1.1114938192567254,1.0,0.8131413680631597,0.9806069854901652,q > 0.25
reactome,trans-Golgi Network Vesicle Budding R-HSA-199992,0.7732191246190753,1.0,0.947222761882362,1.0,-1.3651005023590577,0.4101835527512957,q > 0.25
reactome,Golgi Associated Vesicle Biogenesis R-HSA-432722,0.7727831114487149,1.0,0.8529870240760011,1.0,-1.3173479075977583,0.453807071990274,q > 0.25
reactome,TAK1-dependent IKK And NF-kappa-B Activation R-HSA-445989,0.7711104774666488,1.0,0.8124966395821731,1.0,-0.8939327375192263,0.8188685822045868,q > 0.25
reactome,Platelet Sensitization By LDL R-HSA-432142,0.7709978287433011,1.0,0.9092662912673032,1.0,-0.763281977845498,0.9494431383123788,q > 0.25
reactome,IL-6-type Cytokine Receptor Ligand Interactions R-HSA-6788467,-0.770358693106435,0.9223824029216994,-0.7365623812335347,0.9464656026158328,1.294125253449406,0.5183583420927842,q > 0.25
reactome,DNA Methylation R-HSA-5334118,0.7647294032016727,1.0,0.7220084049411123,1.0,-0.5522103318267301,0.999154154340878,q > 0.25
reactome,Mitochondrial Translation R-HSA-5368287,0.7626166707362916,1.0,0.7159966330422469,1.0,-0.7275735965007294,0.9746096037428468,q > 0.25
reactome,Triglyceride Catabolism R-HSA-163560,-0.7625269377003275,0.932271074244954,0.8032595685597365,1.0,1.157608693020455,0.7036607091026562,q > 0.25
reactome,Signaling By NODAL R-HSA-1181150,-0.762284409701776,0.9314433437139736,-0.6999029127002331,0.9663568165264116,-0.876193961655398,0.8360380563619907,q > 0.25
reactome,"Synthesis, Secretion, And Deacylation Of Ghrelin R-HSA-422085",-0.7621489307051318,0.93045399738514,0.7480423190342053,1.0,-1.2412492498444658,0.540397782291915,q > 0.25
reactome,E2F Mediated Regulation Of DNA Replication R-HSA-113510,0.761086485464464,1.0,0.7790511106478075,1.0,-0.9559097673713524,0.7583554469321725,q > 0.25
reactome,Signaling By ERBB2 TMD/JMD Mutants R-HSA-9665686,-0.7604131999394858,0.9317198721678852,0.8813959670634367,1.0,0.8532982256602071,0.9488557459777712,q > 0.25
reactome,Butyrate Response Factor 1 Binds And Destabilizes mRNA R-HSA-450385,-0.7594510450417514,0.9318332853949408,0.638091840174425,1.0,-1.0235572790059493,0.7111160736129407,q > 0.25
reactome,PRC2 Methylates Histones And DNA R-HSA-212300,0.758976624903452,1.0,1.0738297464962825,1.0,-0.6602026658052234,0.9855226541585922,q > 0.25
reactome,Chaperone Mediated Autophagy R-HSA-9613829,0.7588803946582698,1.0,0.8742856221966793,1.0,0.7895160913714228,0.9800444566275388,q > 0.25
reactome,CaM Pathway R-HSA-111997,0.7584848802738866,1.0,0.7573090814469101,1.0,-0.9050308759731712,0.8055704022268795,q > 0.25
reactome,Pyruvate Metabolism And Citric Acid (TCA) Cycle R-HSA-71406,-0.7578148320257724,0.9328723882979044,0.8412489991230246,1.0,0.8072581859066653,0.9740492460270046,q > 0.25
reactome,Phase 0 - Rapid Depolarisation R-HSA-5576892,-0.7548167978102635,0.9356730602782178,-0.8680150710382516,0.8827551922275553,0.8103011275873075,0.9801726950873696,q > 0.25
reactome,Intrinsic Pathway For Apoptosis R-HSA-109606,-0.7542729052712843,0.9352298832122669,-0.7085937057812801,0.969038205218877,0.8866767164671716,0.9148245124725364,q > 0.25
reactome,ER-Phagosome Pathway R-HSA-1236974,0.7529132567636352,1.0,0.7271776490562085,1.0,0.868227077915931,0.942534524192756,q > 0.25
reactome,Base Excision Repair R-HSA-73884,-0.7528121435294421,0.9359875415546288,0.7068794753253214,1.0,-0.6876313568276586,0.9780880277621148,q > 0.25
reactome,Scavenging By Class A Receptors R-HSA-3000480,-0.7486728487193438,0.9400370064363568,-0.739493470335486,0.9456223310064756,0.7626027129548674,0.967529844700792,q > 0.25
reactome,LDL Clearance R-HSA-8964038,0.7483867900462803,1.0,0.8583725834843521,1.0,-1.2981924267126863,0.4673197856184334,q > 0.25
reactome,RUNX1 Regulates Transcription Of Genes Involved In Differentiation Of HSCs R-HSA-8939236,-0.7483401698211692,0.9392851909680464,0.7568244073543043,1.0,-1.0184018919698044,0.7104233561515326,q > 0.25
reactome,"FOXO-mediated Transcription Of Oxidative Stress, Metabolic And Neuronal Genes R-HSA-9615017",0.7480592062977526,1.0,1.2528486266308565,1.0,-0.8413010919838478,0.8770983693957243,q > 0.25
reactome,BBSome-mediated Cargo-Targeting To Cilium R-HSA-5620922,-0.7479595913070574,0.9386152946608676,1.018483721393333,1.0,-1.4301460181121763,0.3025056260087237,q > 0.25
reactome,Transcriptional Regulation By E2F6 R-HSA-8953750,0.7463590212110275,1.0,1.1477865658916029,1.0,0.789509308347633,0.9771096391146948,q > 0.25
reactome,Signaling By CSF3 (G-CSF) R-HSA-9674555,0.7462368327785975,1.0,-0.740959288839797,0.9477137339280204,1.296326912887476,0.5181751715309509,q > 0.25
reactome,RHOBTB1 GTPase Cycle R-HSA-9013422,-0.7458986681702223,0.9399774613111967,1.1947473317331092,1.0,-0.7682830822691973,0.9475889159651386,q > 0.25
reactome,Cytosolic tRNA Aminoacylation R-HSA-379716,-0.7458000303779639,0.938940447873841,-0.7665880365326329,0.9345301390804468,-1.1731306435975402,0.5924710125870022,q > 0.25
reactome,Regulation Of IFNA/IFNB Signaling R-HSA-912694,0.7433896948186208,1.0,0.8409927013060575,1.0,1.5235269503203157,0.2013585677611937,q > 0.25
reactome,Constitutive Signaling By NOTCH1 HD Domain Mutants R-HSA-2691232,-0.7398511695138053,0.9448557424173304,0.8860648252638297,1.0,1.0032892239524824,0.849985321503771,q > 0.25
reactome,PIWI-interacting RNA (piRNA) Biogenesis R-HSA-5601884,-0.739272962982448,0.944361790391264,0.7050003287483866,1.0,-0.7521869986851573,0.9578013502010836,q > 0.25
reactome,ABC-family Proteins Mediated Transport R-HSA-382556,-0.7362176093351817,0.946674010958104,0.8533922833887133,1.0,1.0623946739473,0.7956320270289087,q > 0.25
reactome,Depolymerisation Of Nuclear Lamina R-HSA-4419969,0.7354438792488784,1.0,1.1755759148190132,1.0,-0.7891491040783007,0.9370724262838686,q > 0.25
reactome,NOD1/2 Signaling Pathway R-HSA-168638,-0.7345968942373243,0.9473193543246978,0.6903305458354202,1.0,-0.886027604084752,0.8264789838541217,q > 0.25
reactome,RNA Polymerase I Promoter Escape R-HSA-73772,0.7342139302319347,1.0,0.7594743424672178,1.0,-1.1467002392415837,0.5985838619818855,q > 0.25
reactome,Plasma Lipoprotein Remodeling R-HSA-8963899,0.7340557836028512,1.0,-0.8080357003844326,0.9243785031558384,-0.8818669378224989,0.8301068492814195,q > 0.25
reactome,Mitochondrial tRNA Aminoacylation R-HSA-379726,-0.7330425394888547,0.9478580952652036,-0.7000248835269394,0.9675313011083462,-0.7602745261592451,0.9484660492127404,q > 0.25
reactome,Impaired BRCA2 Binding To PALB2 R-HSA-9709603,-0.7326960788474078,0.9470956405724008,0.628899667498587,1.0,1.2384071301419417,0.6158356830780928,q > 0.25
reactome,VLDLR Internalisation And Degradation R-HSA-8866427,-0.7324568607611734,0.9461849976737516,0.6588572904535591,1.0,-1.0017443748985666,0.7168492050790289,q > 0.25
reactome,Phosphorylation Of CD3 And TCR Zeta Chains R-HSA-202427,0.7297690611145974,1.0,1.0581006870793062,0.9997985203341796,1.4885666523480134,0.2500905035801152,q > 0.25
reactome,Cristae Formation R-HSA-8949613,0.7268041835493866,1.0,0.9134853824616104,1.0,-0.6967966021414963,0.977834859957895,q > 0.25
reactome,Reproduction R-HSA-1474165,0.7260241063747049,1.0,1.0922399935470146,1.0,0.904591347890576,0.9063924465405748,q > 0.25
reactome,RNA Polymerase III Chain Elongation R-HSA-73780,0.7234755864069515,1.0,-0.7381725692510632,0.9458938252512276,-1.2250670870993832,0.5487466100766827,q > 0.25
reactome,Glyoxylate Metabolism And Glycine Degradation R-HSA-389661,0.7224666195176074,1.0,0.7241339859547831,1.0,-0.6419372855105934,0.9860515200874016,q > 0.25
reactome,TP53 Regulates Transcription Of Genes Involved In Cytochrome C Release R-HSA-6803204,0.7204402939428065,1.0,-0.7056139889533188,0.9678626902229064,0.7976028810885927,0.9745431216946197,q > 0.25
reactome,Regulation Of Complement Cascade R-HSA-977606,-0.719971879798903,0.9579949170809724,-0.6625284545805568,0.976060192953618,1.8717431800696755,0.0094810383003489,q > 0.25
reactome,"Glutamate Binding, Activation Of AMPA Receptors And Synaptic Plasticity R-HSA-399721",-0.7198919190064662,0.9569069463164148,-0.6894001526848781,0.9697116180283678,0.7667194328373581,0.9701052128942892,q > 0.25
reactome,TP53 Regulates Transcription Of Genes Involved In G2 Cell Cycle Arrest R-HSA-6804114,0.7186751033318046,1.0,1.0897176546948604,1.0,0.9509681525881278,0.8648878765706385,q > 0.25
reactome,TP53 Regulates Transcription Of Cell Cycle Genes R-HSA-6791312,0.7178924995141229,1.0,1.1226265050186357,1.0,1.0396848063778512,0.8228128105083041,q > 0.25
reactome,Signaling By NTRK3 (TRKC) R-HSA-9034015,-0.7177669058707031,0.9578003405163532,-0.7779910813781848,0.9291166549496338,1.0290612847349885,0.8365471386300872,q > 0.25
reactome,Telomere Maintenance R-HSA-157579,0.7169763038309283,1.0,0.9849517393394316,1.0,-0.9534536974208648,0.7567427974800356,q > 0.25
reactome,RNA Pol II CTD Phosphorylation And Interaction With CE R-HSA-77075,-0.7142868889120749,0.9599339719791204,-0.941941766061572,0.8637191610990692,-1.3378915835985812,0.4295579828331862,q > 0.25
reactome,Formation Of Early Elongation Complex R-HSA-113418,0.7132954558791192,1.0,0.8039883051336066,1.0,-1.270358166352602,0.4889534232777275,q > 0.25
reactome,Infection With Mycobacterium Tuberculosis R-HSA-9635486,-0.712795249821663,0.960176831900224,0.7629049559989799,1.0,1.0253256810215503,0.8358469281932666,q > 0.25
reactome,Initial Triggering Of Complement R-HSA-166663,0.7122944863565026,0.9983829569764398,-0.6342694212929789,0.9823098610464324,1.8744294919079023,0.0175145898372859,q > 0.25
reactome,NOTCH2 Activation And Transmission Of Signal To Nucleus R-HSA-2979096,0.7121337492794945,0.995268899803176,0.7237565744943109,1.0,1.118916606045104,0.7395818238274218,q > 0.25
reactome,tRNA Aminoacylation R-HSA-379724,0.7113837006367578,0.9927343886665158,-0.7411859291519254,0.9500204504038522,-1.0472871941766588,0.6948035515421662,q > 0.25
reactome,Meiosis R-HSA-1500620,0.7097944732360169,0.9909048331748276,1.119357105029473,1.0,0.983473224869773,0.866600035064538,q > 0.25
reactome,"Unblocking Of NMDA Receptors, Glutamate Binding And Activation R-HSA-438066",-0.7048004471535045,0.966061761217184,-1.0149178603332238,0.8067241019883504,-0.98478364364827,0.7361263407139398,q > 0.25
reactome,Phototransduction Cascade R-HSA-2514856,-0.7037801485170284,0.965763866849731,0.850669546239072,1.0,-1.4410608283978794,0.2860852518265566,q > 0.25
reactome,Caspase Activation Via Extrinsic Apoptotic Signaling Pathway R-HSA-5357769,0.70354445328183,0.9931035446868816,0.7103352920360714,1.0,1.1976042109947873,0.6594457413124263,q > 0.25
reactome,Pre-NOTCH Processing In Golgi R-HSA-1912420,-0.7004594630681075,0.9673680163158256,-0.8057115294011347,0.92195372950136,1.3005528889132782,0.518350958553598,q > 0.25
reactome,Diseases Of DNA Repair R-HSA-9675135,-0.7004269973948513,0.9662228591431476,0.821313288439103,1.0,1.150026581767309,0.6963100611423148,q > 0.25
reactome,TRAF6 Mediated NF-kB Activation R-HSA-933542,-0.7002468648367106,0.9651925054892516,0.7532218030842935,1.0,1.1363351593300892,0.7111809511290225,q > 0.25
reactome,Resolution Of D-loop Structures Thru Synthesis-Dependent Strand Annealing (SDSA) R-HSA-5693554,-0.698955747717168,0.9650434554765428,0.7681484505042797,1.0,1.1801126635909922,0.6716286886276113,q > 0.25
reactome,Mitochondrial Translation Initiation R-HSA-5368286,0.6954577840472883,0.996381826766262,0.7352181292507118,1.0,-0.8162804278353474,0.9036583908900326,q > 0.25
reactome,Na+/Cl- Dependent Neurotransmitter Transporters R-HSA-442660,-0.695191635395958,0.9668554020759526,-1.0189672039360864,0.8001151837654863,-1.2396934817249246,0.5400267010729864,q > 0.25
reactome,Complement Cascade R-HSA-166658,-0.6926700516663605,0.9676035265987224,-0.6716282413315952,0.9730927171465126,1.8156625221873095,0.0189620766006979,q > 0.25
reactome,PINK1-PRKN Mediated Mitophagy R-HSA-5205685,0.6925242042647962,0.9954151735107408,0.7791763139081659,1.0,-1.1124618533825266,0.616473873684709,q > 0.25
reactome,Defective HDR Thru Homologous Recombination (HRR) Due To BRCA1 Loss-Of-Function R-HSA-9701192,-0.6915422028593928,0.9672733137031986,0.7585151270052366,1.0,1.1944347506131536,0.6641124412887415,q > 0.25
reactome,G1/S-Specific Transcription R-HSA-69205,-0.6886725596493535,0.9682099447972472,0.8203583843330919,1.0,-1.1876384964222144,0.5778711285520504,q > 0.25
reactome,Pyroptosis R-HSA-5620971,-0.6881301635880088,0.9674220021646291,-0.7948114016878879,0.928010419662148,0.7862297243963029,0.9740276286881968,q > 0.25
reactome,Formation Of TC-NER Pre-Incision Complex R-HSA-6781823,-0.6879225553950299,0.966412068060618,-0.6866621251891283,0.9704523726295764,-1.2507690757076226,0.5159222639479476,q > 0.25
reactome,Resolution Of D-Loop Structures R-HSA-5693537,-0.6876078877925864,0.9654772863549024,0.8002913341838945,1.0,1.3220125244137306,0.491849520923402,q > 0.25
reactome,RNA Polymerase III Abortive And Retractive Initiation R-HSA-749476,0.6863885147438383,0.9966486141942442,-0.690364393833218,0.9702589269085802,-0.8859545065797689,0.8253773651598201,q > 0.25
reactome,Resolution Of D-loop Structures Thru Holliday Junction Intermediates R-HSA-5693568,-0.6854320233898645,0.9658726494511286,0.7972057302129704,1.0,1.3377406685799078,0.4796270737126554,q > 0.25
reactome,Mitochondrial Translation Elongation R-HSA-5389840,0.68189467123206,0.9964926558971388,0.6140145995786377,1.0,-0.8019229437260438,0.9201240663868429,q > 0.25
reactome,Activation Of SMO R-HSA-5635838,-0.6806231434645935,0.9679960112080634,0.8795113266343578,1.0,-1.2343746795102,0.5517135033366415,q > 0.25
reactome,Condensation Of Prophase Chromosomes R-HSA-2299718,0.6804170397398982,0.994300078015648,0.8529397180645872,1.0,0.6433729357141154,0.9844524641791104,q > 0.25
reactome,Activated TAK1 Mediates P38 MAPK Activation R-HSA-450302,-0.670928350140226,0.9729481686015048,-0.9629098828748096,0.8457864495781909,-1.4994329712358203,0.248957187931411,q > 0.25
reactome,p75NTR Signals Via NF-kB R-HSA-193639,-0.6701593716787579,0.972235630143162,0.865019343513548,1.0,0.7122638742654277,0.9746446178196396,q > 0.25
reactome,Metabolism Of Steroid Hormones R-HSA-196071,0.6697702505058448,0.9976864030016838,0.8683335601510522,1.0,1.5104261782266095,0.221972095169239,q > 0.25
reactome,Abortive Elongation Of HIV-1 Transcript In Absence Of Tat R-HSA-167242,0.6677161780231107,0.99571262109645,0.9493745199994058,1.0,-1.218252095863821,0.5531827469151246,q > 0.25
reactome,RNA Polymerase I Transcription Termination R-HSA-73863,-0.6670535667947514,0.9728473821569006,-0.8721506369610749,0.8815033847485805,-1.126855644148654,0.6024819872901532,q > 0.25
reactome,Phase 4 - Resting Membrane Potential R-HSA-5576886,-0.6569859514196645,0.9770946024922648,-0.7471381520265249,0.949181531820684,0.7608751870782308,0.9643775997741428,q > 0.25
reactome,Processing Of SMDT1 R-HSA-8949664,-0.6501663747223118,0.9793070979510492,-0.8012084731529224,0.9247777898094066,-0.6665622726527987,0.9860157056721616,q > 0.25
reactome,Fertilization R-HSA-1187000,0.6471870410461934,1.0,0.8187492220642978,1.0,-1.0852601190026627,0.6567599463750794,q > 0.25
reactome,Mitophagy R-HSA-5205647,-0.6430473135381424,0.9813025709266304,0.7013331466194239,1.0,-1.1195415199032537,0.6097820897892624,q > 0.25
reactome,Mismatch Repair R-HSA-5358508,-0.6413069789976946,0.9808795494161316,0.9612466530052964,1.0,1.0655738973891808,0.7991503378502834,q > 0.25
reactome,TNFR1-induced NFkappaB Signaling Pathway R-HSA-5357956,0.6411434413071654,1.0,-0.8374771228957205,0.9064506873227484,0.661559492684015,0.987094976794788,q > 0.25
reactome,Complex I Biogenesis R-HSA-6799198,0.6410519208954506,0.9992284320880548,0.7996584015031576,1.0,0.8559893567034538,0.9517235282903864,q > 0.25
reactome,Sulfur Amino Acid Metabolism R-HSA-1614635,-0.6329563480101182,0.9829760803100954,0.5546778625839267,0.9955363341080192,0.855107958443991,0.9506892565613032,q > 0.25
reactome,Early Phase Of HIV Life Cycle R-HSA-162594,0.6279921084133399,1.0,-0.7872153263609395,0.9235312699734248,-1.1878210948811163,0.5795282154618219,q > 0.25
reactome,Protein Methylation R-HSA-8876725,-0.61567030034452,0.9874910736674228,1.0231604860437435,1.0,-0.9954562957913669,0.7226682554168711,q > 0.25
reactome,Signaling By Retinoic Acid R-HSA-5362517,-0.6143546232169064,0.986708064943974,-0.7612536431310506,0.9381943835514523,1.3743116494792236,0.4052251891424367,q > 0.25
reactome,DNA Damage Recognition In GG-NER R-HSA-5696394,-0.607450741914658,0.9874139003274336,0.9118825151935358,1.0,0.775728473043752,0.9765573447675296,q > 0.25
reactome,ER Quality Control Compartment (ERQC) R-HSA-901032,0.6053199939602707,1.0,0.561006751638185,0.9972023612087434,-1.3750558345661292,0.4034963690348575,q > 0.25
reactome,RHO GTPases Activate NADPH Oxidases R-HSA-5668599,0.6019130694062235,1.0,-0.7401345537840789,0.9474142005684566,-0.7346144788956384,0.9709761290080612,q > 0.25
reactome,KSRP (KHSRP) Binds And Destabilizes mRNA R-HSA-450604,-0.5974709711749457,0.9886660568429488,-0.6459364601042166,0.9796822385044152,-0.6369761123854781,0.9866730188772668,q > 0.25
reactome,Antimicrobial Peptides R-HSA-6803157,-0.5691641682269512,0.992605437567275,0.6136274372455497,0.9983172833034112,0.783781373202653,0.972342809564224,q > 0.25
reactome,PD-1 Signaling R-HSA-389948,0.5567459289325419,1.0,1.143544470171632,1.0,0.8032733594335386,0.9728114522547836,q > 0.25
reactome,Aflatoxin Activation And Detoxification R-HSA-5423646,0.5448298529567646,1.0,0.8605431812802611,1.0,1.48019282888111,0.2492246522073796,q > 0.25
reactome,Defective C1GALT1C1 Causes TNPS R-HSA-5083632,0.544190221622549,1.0,-0.8717839775831996,0.8809601439879035,1.0646064368020955,0.7976005111952492,q > 0.25
reactome,Defective GALNT12 Causes CRCS1 R-HSA-5083636,0.5131601287219469,1.0,0.6276571432060809,1.0,1.0062894762015873,0.8526841732661966,q > 0.25
reactome,Metabolism Of Amine-Derived Hormones R-HSA-209776,0.5123570652581475,0.997864318506539,-0.4841666056461172,0.9981626131126584,-0.6911388712110559,0.9781721549671808,q > 0.25
